booking_id,booking_date,day_of_week,month,hour,sport,duration_hours,players,booking_type,payment_method,booking_status,weather,hourly_rate,total_amount,customer_rating
1,2025-11-24,Monday,November,11,Cricket,2,13,Casual,Cash,Completed,Sunny,1500,3000,4.5
2,2025-08-05,Tuesday,August,8,Football,2,12,Casual,Card,Completed,Sunny,1200,2400,4.6
3,2025-04-23,Wednesday,April,15,Football,1,14,Membership,Card,Completed,Cloudy,1200,1200,4.0
4,2025-02-22,Saturday,February,11,Football,2,12,Casual,Card,Completed,Sunny,1200,2400,3.9
5,2025-02-10,Monday,February,16,Cricket,3,15,Casual,UPI,Cancelled,Cloudy,1500,0,
6,2025-05-29,Thursday,May,21,Cricket,1,16,Casual,UPI,Completed,Cloudy,1700,1700,4.2
7,2025-12-10,Wednesday,December,14,Cricket,1,12,Casual,Cash,Completed,Sunny,1500,1500,4.1
8,2025-12-19,Friday,December,16,Football,1,9,Membership,Cash,Completed,Cloudy,1200,1200,3.9
9,2025-06-11,Wednesday,June,13,Football,2,9,Casual,Cash,Completed,Sunny,1200,2400,4.1
10,2025-08-08,Friday,August,19,Football,2,9,Casual,UPI,Cancelled,Sunny,1400,0,
11,2025-03-20,Thursday,March,16,Cricket,2,11,Casual,Cash,Completed,Sunny,1500,3000,4.1
12,2025-01-06,Monday,January,17,Football,3,14,Casual,Card,Completed,Cloudy,1400,4200,4.3
13,2025-01-02,Thursday,January,20,Cricket,2,18,Membership,Cash,Completed,Sunny,1700,3400,4.6
14,2025-09-17,Wednesday,September,16,Football,2,12,Tournament,Card,Completed,Rainy,1200,2400,4.5
15,2025-01-10,Friday,January,11,Football,2,9,Casual,Card,Completed,Cloudy,1200,2400,3.9
16,2025-02-05,Wednesday,February,21,Football,2,9,Casual,Cash,Cancelled,Rainy,1400,0,
17,2025-11-07,Friday,November,15,Football,3,14,Membership,Cash,Completed,Sunny,1200,3600,5.0
18,2025-07-11,Friday,July,15,Football,1,9,Casual,UPI,Completed,Sunny,1200,1200,4.1
19,2025-01-04,Saturday,January,10,Football,2,8,Tournament,UPI,No-show,Cloudy,1200,0,
20,2025-05-23,Friday,May,17,Football,2,13,Tournament,Card,Completed,Sunny,1400,2800,4.7
21,2025-04-08,Tuesday,April,11,Football,2,11,Casual,Cash,Cancelled,Cloudy,1200,0,
22,2025-11-27,Thursday,November,11,Football,2,14,Membership,Card,Completed,Sunny,1200,2400,4.3
23,2025-04-04,Friday,April,14,Football,1,11,Membership,Cash,No-show,Cloudy,1200,0,
24,2025-10-04,Saturday,October,18,Cricket,2,12,Casual,UPI,Completed,Sunny,1700,3400,4.9
25,2025-07-14,Monday,July,6,Football,2,10,Casual,Cash,Completed,Rainy,1200,2400,4.5
26,2025-09-07,Sunday,September,12,Football,1,12,Membership,Card,Completed,Sunny,1200,1200,3.9
27,2025-09-15,Monday,September,19,Football,1,12,Casual,UPI,Completed,Sunny,1400,1400,4.6
28,2025-07-26,Saturday,July,12,Cricket,2,10,Casual,Card,Completed,Sunny,1500,3000,4.4
29,2025-04-15,Tuesday,April,17,Football,2,11,Casual,UPI,Completed,Cloudy,1400,2800,4.9
30,2025-01-05,Sunday,January,15,Cricket,1,11,Casual,UPI,Completed,Sunny,1500,1500,4.2
31,2025-05-06,Tuesday,May,14,Football,3,13,Casual,Cash,Completed,Rainy,1200,3600,4.4
32,2025-10-11,Saturday,October,14,Football,2,10,Casual,Cash,Completed,Sunny,1200,2400,4.1
33,2025-04-18,Friday,April,17,Football,2,12,Casual,Card,Completed,Rainy,1400,2800,3.9
34,2025-05-22,Thursday,May,9,Football,2,13,Tournament,Cash,Completed,Sunny,1200,2400,4.6
35,2025-01-05,Sunday,January,11,Cricket,2,18,Casual,UPI,Completed,Sunny,1500,3000,4.3
36,2025-06-07,Saturday,June,14,Cricket,1,15,Casual,Card,Completed,Sunny,1500,1500,4.7
37,2025-11-14,Friday,November,17,Cricket,2,12,Tournament,Cash,Completed,Cloudy,1700,3400,3.8
38,2025-06-20,Friday,June,18,Football,2,10,Casual,Card,Completed,Cloudy,1400,2800,3.8
39,2025-04-24,Thursday,April,13,Cricket,2,14,Membership,Card,Completed,Cloudy,1500,3000,4.6
40,2025-06-18,Wednesday,June,14,Football,2,10,Casual,UPI,Completed,Sunny,1200,2400,4.4
41,2025-03-01,Saturday,March,19,Football,3,10,Casual,Card,Completed,Sunny,1400,4200,4.7
42,2025-11-07,Friday,November,21,Football,3,9,Casual,Cash,Cancelled,Cloudy,1400,0,
43,2025-12-18,Thursday,December,17,Cricket,2,15,Casual,Cash,Completed,Rainy,1700,3400,4.5
44,2025-03-05,Wednesday,March,17,Football,2,13,Casual,Card,Completed,Sunny,1400,2800,4.0
45,2025-12-07,Sunday,December,20,Football,2,12,Casual,UPI,Completed,Sunny,1400,2800,4.2
46,2025-08-09,Saturday,August,18,Football,2,11,Casual,Cash,Completed,Cloudy,1400,2800,4.8
47,2025-03-28,Friday,March,17,Football,3,10,Casual,UPI,Completed,Rainy,1400,4200,4.2
48,2025-03-17,Monday,March,8,Football,2,12,Membership,UPI,Completed,Sunny,1200,2400,4.6
49,2025-12-23,Tuesday,December,15,Football,2,13,Casual,Card,Completed,Cloudy,1200,2400,4.9
50,2025-04-23,Wednesday,April,13,Cricket,3,17,Casual,Card,Completed,Sunny,1500,4500,4.3
51,2025-12-08,Monday,December,16,Football,2,14,Membership,Cash,Completed,Cloudy,1200,2400,4.4
52,2025-08-17,Sunday,August,19,Cricket,2,17,Casual,Cash,Completed,Sunny,1700,3400,4.7
53,2025-09-06,Saturday,September,16,Football,1,13,Casual,UPI,Completed,Sunny,1200,1200,4.4
54,2025-03-19,Wednesday,March,13,Football,2,8,Casual,Card,Completed,Sunny,1200,2400,3.9
55,2025-07-19,Saturday,July,19,Football,1,14,Membership,Card,Completed,Sunny,1400,1400,4.9
56,2025-07-19,Saturday,July,19,Cricket,2,18,Membership,UPI,Completed,Sunny,1700,3400,4.1
57,2025-05-20,Tuesday,May,15,Football,2,13,Casual,UPI,Completed,Sunny,1200,2400,4.4
58,2025-11-15,Saturday,November,16,Cricket,3,10,Casual,Card,Completed,Sunny,1500,4500,4.0
59,2025-07-14,Monday,July,14,Football,2,14,Membership,UPI,Completed,Sunny,1200,2400,4.3
60,2025-08-29,Friday,August,7,Football,2,9,Casual,UPI,Completed,Cloudy,1200,2400,4.7
61,2025-04-13,Sunday,April,18,Football,2,9,Casual,Card,Completed,Sunny,1400,2800,4.4
62,2025-07-08,Tuesday,July,12,Football,1,14,Membership,UPI,Cancelled,Rainy,1200,0,
63,2025-06-09,Monday,June,16,Cricket,2,16,Tournament,UPI,Completed,Sunny,1500,3000,4.8
64,2025-02-22,Saturday,February,17,Football,3,14,Casual,Card,Completed,Rainy,1400,4200,4.2
65,2025-12-05,Friday,December,14,Football,2,8,Membership,Cash,Completed,Cloudy,1200,2400,5.0
66,2025-08-24,Sunday,August,17,Football,3,13,Casual,Card,Completed,Cloudy,1400,4200,4.4
67,2025-10-31,Friday,October,14,Cricket,1,14,Membership,Card,Completed,Sunny,1500,1500,4.5
68,2025-06-22,Sunday,June,8,Cricket,2,17,Casual,Cash,Completed,Cloudy,1500,3000,4.9
69,2025-05-22,Thursday,May,16,Football,2,8,Casual,Card,Completed,Sunny,1200,2400,4.1
70,2025-11-27,Thursday,November,17,Football,1,8,Casual,Card,Completed,Sunny,1400,1400,4.6
71,2025-08-31,Sunday,August,16,Football,3,10,Casual,Cash,Completed,Sunny,1200,3600,4.1
72,2025-04-09,Wednesday,April,14,Cricket,2,13,Casual,Cash,Completed,Sunny,1500,3000,5.0
73,2025-11-02,Sunday,November,14,Football,2,10,Casual,Cash,Cancelled,Sunny,1200,0,
74,2025-03-06,Thursday,March,14,Cricket,3,14,Casual,UPI,Completed,Sunny,1500,4500,4.4
75,2025-10-21,Tuesday,October,14,Football,2,9,Tournament,UPI,Completed,Sunny,1200,2400,3.9
76,2025-07-25,Friday,July,15,Football,1,9,Casual,UPI,Completed,Sunny,1200,1200,5.0
77,2025-10-13,Monday,October,18,Football,3,9,Membership,Cash,Completed,Sunny,1400,4200,4.2
78,2025-08-08,Friday,August,14,Football,3,13,Casual,UPI,Completed,Cloudy,1200,3600,4.1
79,2025-03-22,Saturday,March,13,Football,2,8,Casual,Card,Completed,Cloudy,1200,2400,3.8
80,2025-12-28,Sunday,December,14,Cricket,1,13,Tournament,UPI,Completed,Cloudy,1500,1500,4.6
81,2025-08-06,Wednesday,August,12,Football,2,10,Membership,Cash,Completed,Sunny,1200,2400,4.2
82,2025-10-19,Sunday,October,20,Football,2,13,Casual,Card,Completed,Sunny,1400,2800,4.4
83,2025-02-11,Tuesday,February,16,Cricket,2,14,Casual,Cash,Completed,Sunny,1500,3000,4.8
84,2025-01-11,Saturday,January,22,Football,2,12,Casual,Card,Completed,Cloudy,1400,2800,4.6
85,2025-04-03,Thursday,April,22,Football,2,8,Casual,UPI,Completed,Sunny,1400,2800,3.9
86,2025-06-18,Wednesday,June,15,Football,2,14,Membership,Card,No-show,Sunny,1200,0,
87,2025-06-15,Sunday,June,12,Cricket,3,10,Casual,Card,Completed,Sunny,1500,4500,4.0
88,2025-11-15,Saturday,November,17,Football,1,9,Casual,Card,Completed,Sunny,1400,1400,4.9
89,2025-03-04,Tuesday,March,8,Football,2,13,Casual,UPI,Completed,Sunny,1200,2400,3.9
90,2025-08-25,Monday,August,20,Football,2,11,Tournament,Card,Completed,Sunny,1400,2800,4.3
91,2025-08-30,Saturday,August,13,Football,2,9,Tournament,Card,Completed,Sunny,1200,2400,4.8
92,2025-08-01,Friday,August,14,Cricket,2,10,Casual,Card,Completed,Sunny,1500,3000,5.0
93,2025-03-18,Tuesday,March,15,Football,2,12,Membership,Cash,Completed,Sunny,1200,2400,4.8
94,2025-05-03,Saturday,May,16,Football,2,8,Casual,Cash,Completed,Sunny,1200,2400,4.3
95,2025-11-30,Sunday,November,21,Football,1,9,Casual,Card,Completed,Sunny,1400,1400,4.8
96,2025-02-21,Friday,February,16,Football,2,11,Membership,Card,Cancelled,Rainy,1200,0,
97,2025-06-23,Monday,June,16,Football,1,14,Casual,Cash,Completed,Cloudy,1200,1200,4.9
98,2025-09-07,Sunday,September,19,Football,1,9,Casual,Card,Completed,Rainy,1400,1400,4.7
99,2025-02-20,Thursday,February,17,Cricket,1,17,Casual,Card,Cancelled,Sunny,1700,0,
100,2025-01-29,Wednesday,January,14,Football,2,9,Casual,UPI,Completed,Sunny,1200,2400,4.0
101,2025-11-09,Sunday,November,19,Football,2,11,Tournament,Card,Completed,Sunny,1400,2800,4.1
102,2025-12-08,Monday,December,6,Cricket,2,18,Casual,Cash,Completed,Sunny,1500,3000,4.5
103,2025-08-06,Wednesday,August,17,Football,2,9,Tournament,Card,Completed,Cloudy,1400,2800,4.3
104,2025-10-22,Wednesday,October,14,Football,1,14,Casual,Cash,Completed,Sunny,1200,1200,4.6
105,2025-01-26,Sunday,January,19,Cricket,2,13,Casual,Cash,Completed,Sunny,1700,3400,4.5
106,2025-12-04,Thursday,December,17,Football,1,13,Casual,Cash,Completed,Sunny,1400,1400,4.5
107,2025-03-09,Sunday,March,11,Football,2,9,Casual,Cash,Completed,Cloudy,1200,2400,4.2
108,2025-05-20,Tuesday,May,18,Football,2,14,Casual,UPI,Completed,Cloudy,1400,2800,4.4
109,2025-03-14,Friday,March,17,Football,2,14,Membership,Cash,Completed,Sunny,1400,2800,3.8
110,2025-03-05,Wednesday,March,15,Football,2,12,Casual,Card,Completed,Cloudy,1200,2400,4.6
111,2025-01-13,Monday,January,16,Cricket,2,13,Casual,Cash,Completed,Cloudy,1500,3000,4.6
112,2025-07-29,Tuesday,July,12,Football,1,10,Tournament,Card,Completed,Sunny,1200,1200,4.4
113,2025-08-21,Thursday,August,14,Cricket,3,16,Casual,Card,Completed,Cloudy,1500,4500,4.6
114,2025-11-12,Wednesday,November,15,Cricket,1,15,Casual,Cash,Completed,Sunny,1500,1500,4.2
115,2025-07-08,Tuesday,July,16,Cricket,2,10,Casual,Card,Completed,Sunny,1500,3000,4.8
116,2025-02-16,Sunday,February,17,Football,3,8,Casual,UPI,Completed,Sunny,1400,4200,4.7
117,2025-02-05,Wednesday,February,18,Football,3,9,Membership,Cash,Completed,Sunny,1400,4200,4.7
118,2025-01-02,Thursday,January,14,Cricket,2,18,Casual,UPI,Completed,Sunny,1500,3000,3.8
119,2025-07-03,Thursday,July,18,Football,2,8,Casual,Cash,Completed,Sunny,1400,2800,4.4
120,2025-02-02,Sunday,February,15,Cricket,3,11,Casual,Cash,Completed,Sunny,1500,4500,4.7
121,2025-09-24,Wednesday,September,14,Football,1,8,Tournament,Cash,Completed,Cloudy,1200,1200,3.9
122,2025-08-16,Saturday,August,10,Football,3,9,Casual,Card,Completed,Sunny,1200,3600,4.5
123,2025-07-15,Tuesday,July,22,Football,2,12,Casual,Cash,Completed,Sunny,1400,2800,4.8
124,2025-10-10,Friday,October,17,Football,2,9,Casual,Card,Completed,Cloudy,1400,2800,4.7
125,2025-08-07,Thursday,August,14,Football,2,13,Tournament,UPI,Completed,Sunny,1200,2400,3.9
126,2025-07-10,Thursday,July,18,Football,3,12,Casual,Card,Completed,Cloudy,1400,4200,4.8
127,2025-01-27,Monday,January,21,Football,2,8,Casual,UPI,Completed,Sunny,1400,2800,4.1
128,2025-06-29,Sunday,June,18,Football,2,12,Casual,Cash,Completed,Sunny,1400,2800,4.7
129,2025-11-11,Tuesday,November,17,Football,3,13,Membership,Card,Completed,Sunny,1400,4200,4.6
130,2025-06-23,Monday,June,14,Football,2,12,Casual,UPI,Completed,Sunny,1200,2400,5.0
131,2025-09-29,Monday,September,13,Football,2,9,Casual,UPI,Completed,Cloudy,1200,2400,4.5
132,2025-01-27,Monday,January,12,Cricket,1,11,Casual,Card,Completed,Cloudy,1500,1500,4.3
133,2025-04-21,Monday,April,17,Football,2,8,Casual,UPI,Completed,Cloudy,1400,2800,4.6
134,2025-04-23,Wednesday,April,15,Football,1,9,Casual,Card,Completed,Sunny,1200,1200,4.1
135,2025-03-03,Monday,March,6,Cricket,2,12,Casual,Card,Completed,Cloudy,1500,3000,4.8
136,2025-02-06,Thursday,February,15,Cricket,2,10,Casual,Card,Completed,Sunny,1500,3000,4.3
137,2025-12-30,Tuesday,December,16,Football,2,8,Tournament,Cash,Completed,Sunny,1200,2400,4.4
138,2025-07-05,Saturday,July,11,Cricket,2,16,Casual,Card,Completed,Sunny,1500,3000,4.2
139,2025-04-24,Thursday,April,14,Football,3,13,Casual,Cash,Completed,Sunny,1200,3600,4.2
140,2025-11-27,Thursday,November,18,Football,2,10,Casual,UPI,Completed,Cloudy,1400,2800,4.6
141,2025-11-18,Tuesday,November,15,Cricket,3,17,Casual,Card,Completed,Cloudy,1500,4500,5.0
142,2025-11-18,Tuesday,November,14,Football,2,11,Casual,UPI,Completed,Cloudy,1200,2400,4.2
143,2025-06-08,Sunday,June,15,Football,2,14,Casual,Cash,Completed,Cloudy,1200,2400,3.9
144,2025-09-17,Wednesday,September,15,Football,1,11,Tournament,Cash,Completed,Sunny,1200,1200,4.5
145,2025-03-19,Wednesday,March,20,Football,2,13,Casual,Cash,Cancelled,Cloudy,1400,0,
146,2025-08-13,Wednesday,August,22,Football,3,9,Casual,Cash,Completed,Rainy,1400,4200,4.7
147,2025-11-03,Monday,November,9,Football,2,8,Casual,Cash,Completed,Sunny,1200,2400,4.1
148,2025-11-05,Wednesday,November,19,Football,3,13,Casual,Card,Completed,Sunny,1400,4200,4.6
149,2025-03-08,Saturday,March,16,Cricket,2,18,Casual,Cash,Completed,Cloudy,1500,3000,4.6
150,2025-12-17,Wednesday,December,19,Football,2,12,Casual,Card,Completed,Sunny,1400,2800,4.1
151,2025-04-09,Wednesday,April,13,Football,1,10,Membership,Cash,Completed,Sunny,1200,1200,4.8
152,2025-01-20,Monday,January,17,Cricket,3,12,Casual,Cash,Completed,Sunny,1700,5100,4.6
153,2025-03-26,Wednesday,March,17,Football,2,13,Membership,Card,Completed,Rainy,1400,2800,4.7
154,2025-04-30,Wednesday,April,16,Football,2,14,Casual,Card,Completed,Cloudy,1200,2400,4.3
155,2025-07-15,Tuesday,July,15,Football,2,14,Casual,Card,Completed,Cloudy,1200,2400,3.9
156,2025-07-10,Thursday,July,16,Football,3,14,Casual,Cash,Completed,Sunny,1200,3600,4.3
157,2025-03-17,Monday,March,18,Football,2,14,Casual,UPI,Cancelled,Sunny,1400,0,
158,2025-07-22,Tuesday,July,15,Football,1,10,Casual,Cash,No-show,Sunny,1200,0,
159,2025-11-29,Saturday,November,14,Football,1,10,Tournament,Card,Completed,Sunny,1200,1200,4.7
160,2025-08-18,Monday,August,16,Cricket,1,14,Casual,Card,Completed,Sunny,1500,1500,4.5
161,2025-02-26,Wednesday,February,18,Football,1,8,Casual,Card,Completed,Cloudy,1400,1400,3.9
162,2025-11-02,Sunday,November,16,Football,3,9,Membership,Card,Cancelled,Sunny,1200,0,
163,2025-05-04,Sunday,May,16,Football,1,12,Tournament,Cash,Completed,Sunny,1200,1200,4.4
164,2025-10-11,Saturday,October,7,Cricket,1,16,Tournament,UPI,Cancelled,Sunny,1500,0,
165,2025-06-26,Thursday,June,13,Football,1,14,Casual,Card,Completed,Cloudy,1200,1200,4.2
166,2025-11-26,Wednesday,November,13,Cricket,2,17,Casual,Card,Cancelled,Cloudy,1500,0,
167,2025-01-19,Sunday,January,14,Football,2,8,Casual,Card,Completed,Sunny,1200,2400,4.8
168,2025-05-10,Saturday,May,9,Football,2,10,Membership,Card,Completed,Sunny,1200,2400,4.1
169,2025-08-12,Tuesday,August,19,Cricket,2,15,Tournament,Cash,Completed,Sunny,1700,3400,4.9
170,2025-05-17,Saturday,May,18,Cricket,1,16,Casual,UPI,Completed,Cloudy,1700,1700,4.2
171,2025-06-17,Tuesday,June,17,Football,3,13,Casual,Card,Completed,Cloudy,1400,4200,3.9
172,2025-11-11,Tuesday,November,22,Football,1,8,Casual,UPI,Completed,Sunny,1400,1400,4.7
173,2025-01-16,Thursday,January,12,Football,2,8,Casual,Cash,Completed,Sunny,1200,2400,4.2
174,2025-01-17,Friday,January,16,Football,2,10,Casual,Card,Completed,Sunny,1200,2400,4.2
175,2025-11-29,Saturday,November,14,Cricket,1,12,Casual,Card,Completed,Sunny,1500,1500,4.1
176,2025-12-27,Saturday,December,15,Cricket,2,17,Casual,UPI,No-show,Sunny,1500,0,
177,2025-08-16,Saturday,August,22,Cricket,2,15,Membership,UPI,Completed,Sunny,1700,3400,4.2
178,2025-12-31,Wednesday,December,17,Cricket,2,15,Casual,Card,Completed,Sunny,1700,3400,4.0
179,2025-01-14,Tuesday,January,14,Football,2,14,Tournament,Card,Completed,Sunny,1200,2400,3.9
180,2025-09-03,Wednesday,September,16,Cricket,3,11,Casual,Card,No-show,Sunny,1500,0,
181,2025-12-15,Monday,December,16,Football,3,13,Casual,UPI,Completed,Cloudy,1200,3600,4.4
182,2025-03-05,Wednesday,March,16,Football,2,10,Tournament,Card,Completed,Sunny,1200,2400,4.4
183,2025-02-10,Monday,February,13,Football,3,10,Casual,UPI,Completed,Sunny,1200,3600,4.4
184,2025-10-31,Friday,October,20,Football,3,13,Tournament,UPI,Completed,Sunny,1400,4200,3.8
185,2025-02-11,Tuesday,February,9,Football,3,10,Casual,Card,Completed,Cloudy,1200,3600,4.6
186,2025-11-18,Tuesday,November,16,Football,2,11,Casual,Cash,Completed,Cloudy,1200,2400,4.3
187,2025-01-31,Friday,January,12,Football,2,9,Casual,Card,Completed,Sunny,1200,2400,4.2
188,2025-07-24,Thursday,July,12,Football,3,8,Casual,UPI,Completed,Sunny,1200,3600,4.1
189,2025-01-26,Sunday,January,14,Football,3,11,Casual,Cash,Completed,Cloudy,1200,3600,4.2
190,2025-06-10,Tuesday,June,13,Football,3,11,Casual,Card,Cancelled,Sunny,1200,0,
191,2025-09-16,Tuesday,September,15,Football,3,10,Casual,Cash,Completed,Sunny,1200,3600,4.8
192,2025-08-29,Friday,August,14,Football,1,11,Casual,UPI,Completed,Sunny,1200,1200,4.3
193,2025-07-25,Friday,July,9,Football,2,12,Casual,Cash,Completed,Sunny,1200,2400,4.5
194,2025-12-15,Monday,December,16,Football,1,11,Casual,UPI,Completed,Rainy,1200,1200,4.2
195,2025-04-12,Saturday,April,16,Football,1,8,Casual,UPI,Completed,Cloudy,1200,1200,4.4
196,2025-11-07,Friday,November,19,Football,3,10,Casual,Card,Completed,Rainy,1400,4200,4.2
197,2025-09-17,Wednesday,September,18,Football,3,10,Casual,Card,Completed,Sunny,1400,4200,3.9
198,2025-10-26,Sunday,October,14,Cricket,1,17,Casual,UPI,Completed,Cloudy,1500,1500,4.5
199,2025-01-27,Monday,January,16,Football,3,14,Membership,Cash,Completed,Sunny,1200,3600,3.8
200,2025-02-26,Wednesday,February,13,Football,2,9,Casual,Card,Completed,Sunny,1200,2400,4.5
201,2025-02-01,Saturday,February,17,Football,3,10,Tournament,Card,Completed,Sunny,1400,4200,4.9
202,2025-09-30,Tuesday,September,14,Football,2,12,Casual,Card,Completed,Rainy,1200,2400,4.2
203,2025-05-28,Wednesday,May,17,Football,2,10,Casual,Card,Completed,Sunny,1400,2800,4.7
204,2025-03-04,Tuesday,March,16,Football,2,14,Casual,Cash,Completed,Cloudy,1200,2400,3.9
205,2025-02-10,Monday,February,14,Football,2,13,Casual,Cash,Completed,Sunny,1200,2400,4.9
206,2025-05-20,Tuesday,May,12,Football,3,9,Casual,UPI,Completed,Cloudy,1200,3600,4.6
207,2025-02-21,Friday,February,15,Cricket,1,12,Casual,Card,Completed,Sunny,1500,1500,4.3
208,2025-09-02,Tuesday,September,17,Cricket,2,15,Casual,UPI,Completed,Sunny,1700,3400,4.6
209,2025-10-01,Wednesday,October,17,Cricket,1,12,Casual,Card,Completed,Cloudy,1700,1700,3.8
210,2025-09-11,Thursday,September,13,Cricket,2,10,Casual,Card,Completed,Sunny,1500,3000,5.0
211,2025-08-21,Thursday,August,22,Football,2,9,Membership,UPI,Completed,Sunny,1400,2800,3.9
212,2025-08-23,Saturday,August,17,Cricket,1,15,Membership,Cash,Completed,Sunny,1700,1700,4.0
213,2025-07-27,Sunday,July,18,Football,1,11,Casual,UPI,Completed,Sunny,1400,1400,4.2
214,2025-01-04,Saturday,January,13,Football,2,10,Casual,Cash,Cancelled,Cloudy,1200,0,
215,2025-07-04,Friday,July,17,Football,1,11,Casual,Cash,Completed,Sunny,1400,1400,4.9
216,2025-06-09,Monday,June,17,Football,2,10,Casual,Cash,Completed,Sunny,1400,2800,4.0
217,2025-11-07,Friday,November,14,Cricket,2,18,Membership,Cash,Completed,Cloudy,1500,3000,4.6
218,2025-02-11,Tuesday,February,16,Football,2,8,Tournament,UPI,Completed,Sunny,1200,2400,4.9
219,2025-10-21,Tuesday,October,16,Football,3,11,Casual,Cash,Completed,Sunny,1200,3600,3.9
220,2025-08-17,Sunday,August,18,Football,3,11,Casual,Cash,Completed,Sunny,1400,4200,4.8
221,2025-01-12,Sunday,January,15,Cricket,2,11,Casual,UPI,Cancelled,Sunny,1500,0,
222,2025-02-05,Wednesday,February,21,Football,2,11,Casual,Card,Completed,Sunny,1400,2800,4.7
223,2025-07-11,Friday,July,22,Football,2,11,Casual,Card,Completed,Rainy,1400,2800,4.0
224,2025-03-02,Sunday,March,13,Football,3,9,Membership,UPI,Cancelled,Sunny,1200,0,
225,2025-06-02,Monday,June,15,Cricket,2,18,Casual,UPI,Completed,Sunny,1500,3000,4.0
226,2025-02-27,Thursday,February,8,Football,3,14,Tournament,Cash,Completed,Cloudy,1200,3600,3.9
227,2025-01-18,Saturday,January,15,Football,1,9,Membership,UPI,Completed,Sunny,1200,1200,4.1
228,2025-03-13,Thursday,March,15,Football,3,10,Casual,UPI,Completed,Cloudy,1200,3600,4.1
229,2025-12-05,Friday,December,16,Football,2,8,Casual,Cash,Completed,Sunny,1200,2400,4.0
230,2025-08-07,Thursday,August,16,Football,2,13,Casual,UPI,Completed,Cloudy,1200,2400,4.3
231,2025-06-03,Tuesday,June,15,Cricket,2,13,Membership,UPI,Completed,Sunny,1500,3000,4.8
232,2025-10-15,Wednesday,October,15,Football,3,9,Casual,Card,Completed,Sunny,1200,3600,3.9
233,2025-07-09,Wednesday,July,11,Cricket,2,10,Casual,UPI,Completed,Cloudy,1500,3000,4.8
234,2025-10-28,Tuesday,October,17,Football,2,9,Membership,UPI,Completed,Sunny,1400,2800,3.8
235,2025-03-02,Sunday,March,17,Cricket,2,13,Casual,Card,Completed,Sunny,1700,3400,4.1
236,2025-10-01,Wednesday,October,17,Football,2,12,Membership,Card,Completed,Sunny,1400,2800,4.7
237,2025-04-15,Tuesday,April,14,Football,3,14,Casual,Cash,Completed,Sunny,1200,3600,4.9
238,2025-08-02,Saturday,August,14,Football,2,11,Casual,Card,Completed,Sunny,1200,2400,4.9
239,2025-05-12,Monday,May,18,Football,2,11,Casual,Card,Completed,Cloudy,1400,2800,4.7
240,2025-04-05,Saturday,April,19,Football,1,12,Casual,UPI,Completed,Cloudy,1400,1400,4.6
241,2025-07-31,Thursday,July,12,Football,1,13,Casual,Cash,Completed,Sunny,1200,1200,3.9
242,2025-12-08,Monday,December,20,Cricket,2,10,Casual,Cash,Cancelled,Sunny,1700,0,
243,2025-05-21,Wednesday,May,16,Football,3,14,Casual,UPI,Completed,Sunny,1200,3600,4.0
244,2025-09-26,Friday,September,12,Football,3,10,Membership,Card,Completed,Sunny,1200,3600,4.2
245,2025-08-24,Sunday,August,16,Cricket,2,14,Casual,UPI,Completed,Cloudy,1500,3000,4.8
246,2025-02-17,Monday,February,15,Football,2,8,Casual,Card,No-show,Cloudy,1200,0,
247,2025-11-27,Thursday,November,18,Football,1,12,Tournament,Cash,Completed,Sunny,1400,1400,4.6
248,2025-09-01,Monday,September,14,Cricket,2,18,Casual,UPI,Completed,Sunny,1500,3000,4.2
249,2025-10-28,Tuesday,October,12,Cricket,2,11,Casual,Cash,Completed,Sunny,1500,3000,4.8
250,2025-10-04,Saturday,October,14,Cricket,2,11,Casual,Card,Cancelled,Rainy,1500,0,
251,2025-04-29,Tuesday,April,18,Football,3,12,Casual,Card,Cancelled,Cloudy,1400,0,
252,2025-08-19,Tuesday,August,15,Football,2,11,Casual,Card,Completed,Sunny,1200,2400,4.7
253,2025-05-07,Wednesday,May,17,Football,2,11,Membership,UPI,Completed,Cloudy,1400,2800,4.2
254,2025-02-16,Sunday,February,6,Football,2,14,Casual,Cash,Completed,Sunny,1200,2400,4.3
255,2025-09-20,Saturday,September,15,Football,2,12,Casual,Card,Completed,Sunny,1200,2400,4.3
256,2025-07-31,Thursday,July,15,Football,3,9,Casual,Card,Completed,Sunny,1200,3600,4.0
257,2025-05-18,Sunday,May,15,Football,2,10,Casual,Card,No-show,Sunny,1200,0,
258,2025-05-07,Wednesday,May,17,Football,3,9,Casual,Card,Cancelled,Sunny,1400,0,
259,2025-06-20,Friday,June,18,Football,2,11,Casual,UPI,Completed,Cloudy,1400,2800,5.0
260,2025-06-03,Tuesday,June,14,Cricket,2,17,Casual,Cash,Completed,Rainy,1500,3000,4.1
261,2025-11-21,Friday,November,15,Football,2,10,Casual,Cash,Completed,Cloudy,1200,2400,3.9
262,2025-04-13,Sunday,April,16,Football,3,8,Tournament,Card,Completed,Sunny,1200,3600,4.3
263,2025-12-21,Sunday,December,10,Cricket,2,17,Casual,Card,Completed,Sunny,1500,3000,4.0
264,2025-07-13,Sunday,July,10,Cricket,2,16,Casual,UPI,Completed,Rainy,1500,3000,4.3
265,2025-07-04,Friday,July,17,Cricket,3,11,Casual,Cash,Completed,Sunny,1700,5100,4.0
266,2025-01-23,Thursday,January,16,Football,2,14,Casual,UPI,Completed,Cloudy,1200,2400,3.9
267,2025-09-19,Friday,September,17,Football,3,9,Casual,Cash,Completed,Sunny,1400,4200,4.5
268,2025-03-19,Wednesday,March,14,Football,1,10,Casual,Cash,Cancelled,Rainy,1200,0,
269,2025-03-14,Friday,March,14,Football,2,12,Casual,Card,Completed,Sunny,1200,2400,4.6
270,2025-02-04,Tuesday,February,14,Cricket,1,10,Membership,Cash,Completed,Cloudy,1500,1500,4.0
271,2025-05-05,Monday,May,16,Football,2,12,Casual,UPI,Completed,Sunny,1200,2400,4.6
272,2025-11-24,Monday,November,17,Football,3,9,Casual,UPI,Cancelled,Sunny,1400,0,
273,2025-04-16,Wednesday,April,14,Cricket,1,11,Membership,UPI,Completed,Sunny,1500,1500,4.0
274,2025-05-15,Thursday,May,17,Football,2,12,Casual,Card,Completed,Sunny,1400,2800,4.2
275,2025-11-13,Thursday,November,13,Football,2,12,Casual,UPI,Completed,Cloudy,1200,2400,4.1
276,2025-04-04,Friday,April,14,Football,2,11,Casual,Cash,Completed,Sunny,1200,2400,4.4
277,2025-12-22,Monday,December,19,Cricket,2,18,Casual,Cash,Completed,Sunny,1700,3400,4.8
278,2025-01-28,Tuesday,January,19,Cricket,2,12,Casual,Card,Completed,Sunny,1700,3400,4.6
279,2025-12-17,Wednesday,December,15,Cricket,2,17,Casual,UPI,Completed,Sunny,1500,3000,4.1
280,2025-05-21,Wednesday,May,13,Football,2,12,Membership,UPI,Completed,Cloudy,1200,2400,3.9
281,2025-05-18,Sunday,May,18,Cricket,2,18,Membership,Card,Completed,Sunny,1700,3400,4.5
282,2025-02-22,Saturday,February,17,Football,2,10,Membership,UPI,Completed,Sunny,1400,2800,4.8
283,2025-08-13,Wednesday,August,19,Football,2,9,Membership,Cash,Completed,Sunny,1400,2800,4.7
284,2025-08-08,Friday,August,12,Football,2,14,Casual,Cash,Completed,Sunny,1200,2400,4.1
285,2025-03-28,Friday,March,14,Cricket,2,14,Tournament,UPI,Completed,Sunny,1500,3000,4.8
286,2025-07-30,Wednesday,July,19,Cricket,2,12,Casual,Cash,Completed,Cloudy,1700,3400,4.7
287,2025-07-21,Monday,July,15,Football,2,13,Casual,UPI,Completed,Sunny,1200,2400,4.9
288,2025-07-26,Saturday,July,16,Football,2,11,Tournament,Cash,Cancelled,Sunny,1200,0,
289,2025-02-17,Monday,February,17,Football,2,14,Casual,UPI,Completed,Sunny,1400,2800,4.3
290,2025-09-11,Thursday,September,14,Cricket,2,18,Casual,Cash,Completed,Sunny,1500,3000,4.2
291,2025-01-25,Saturday,January,9,Football,2,8,Casual,Card,Completed,Cloudy,1200,2400,3.8
292,2025-04-14,Monday,April,22,Cricket,2,12,Membership,Card,No-show,Cloudy,1700,0,
293,2025-05-09,Friday,May,11,Football,2,8,Casual,Cash,Completed,Sunny,1200,2400,4.1
294,2025-02-16,Sunday,February,17,Football,2,8,Casual,Cash,Completed,Sunny,1400,2800,3.8
295,2025-06-25,Wednesday,June,18,Cricket,2,12,Casual,UPI,No-show,Sunny,1700,0,
296,2025-02-22,Saturday,February,14,Cricket,2,16,Membership,UPI,Completed,Cloudy,1500,3000,5.0
297,2025-02-05,Wednesday,February,16,Football,2,11,Casual,Cash,Completed,Sunny,1200,2400,4.9
298,2025-12-18,Thursday,December,15,Football,1,9,Membership,Card,Completed,Sunny,1200,1200,5.0
299,2025-03-13,Thursday,March,13,Football,2,12,Casual,UPI,Completed,Cloudy,1200,2400,4.9
300,2025-12-04,Thursday,December,19,Football,3,12,Casual,UPI,Completed,Sunny,1400,4200,4.7
301,2025-09-11,Thursday,September,15,Football,3,8,Casual,UPI,Completed,Rainy,1200,3600,4.9
302,2025-07-18,Friday,July,19,Football,2,12,Casual,UPI,Completed,Cloudy,1400,2800,4.7
303,2025-10-28,Tuesday,October,10,Football,1,8,Tournament,Card,Completed,Sunny,1200,1200,4.7
304,2025-08-05,Tuesday,August,17,Football,3,12,Casual,UPI,Completed,Sunny,1400,4200,4.4
305,2025-03-21,Friday,March,16,Football,1,10,Casual,UPI,Completed,Cloudy,1200,1200,3.9
306,2025-08-11,Monday,August,12,Football,1,10,Casual,UPI,Completed,Cloudy,1200,1200,3.8
307,2025-12-26,Friday,December,6,Football,2,12,Casual,Cash,Completed,Cloudy,1200,2400,4.2
308,2025-05-18,Sunday,May,17,Football,1,10,Membership,Cash,Cancelled,Sunny,1400,0,
309,2025-10-23,Thursday,October,16,Football,3,10,Casual,UPI,Completed,Cloudy,1200,3600,4.0
310,2025-10-21,Tuesday,October,17,Football,3,8,Casual,Card,Completed,Cloudy,1400,4200,4.4
311,2025-03-18,Tuesday,March,13,Cricket,1,18,Membership,UPI,Completed,Cloudy,1500,1500,4.1
312,2025-08-02,Saturday,August,19,Football,1,12,Casual,Cash,Completed,Sunny,1400,1400,4.0
313,2025-01-24,Friday,January,20,Football,2,14,Casual,UPI,Completed,Cloudy,1400,2800,4.5
314,2025-07-08,Tuesday,July,13,Football,2,13,Casual,UPI,Completed,Sunny,1200,2400,4.4
315,2025-10-07,Tuesday,October,17,Football,1,11,Casual,UPI,Completed,Sunny,1400,1400,4.6
316,2025-06-21,Saturday,June,6,Football,2,8,Casual,UPI,Completed,Rainy,1200,2400,5.0
317,2025-12-31,Wednesday,December,14,Football,2,14,Casual,UPI,Completed,Cloudy,1200,2400,5.0
318,2025-10-25,Saturday,October,11,Football,2,8,Casual,Card,Completed,Sunny,1200,2400,4.0
319,2025-05-14,Wednesday,May,18,Cricket,2,15,Casual,UPI,No-show,Sunny,1700,0,
320,2025-03-11,Tuesday,March,18,Football,2,8,Casual,UPI,Completed,Sunny,1400,2800,4.4
321,2025-08-20,Wednesday,August,14,Football,1,8,Casual,UPI,Completed,Cloudy,1200,1200,4.6
322,2025-04-21,Monday,April,18,Football,1,13,Casual,Card,Completed,Sunny,1400,1400,4.6
323,2025-03-31,Monday,March,8,Football,2,12,Membership,UPI,Completed,Sunny,1200,2400,4.8
324,2025-03-04,Tuesday,March,7,Cricket,2,12,Casual,UPI,Completed,Sunny,1500,3000,4.9
325,2025-10-26,Sunday,October,16,Cricket,1,10,Tournament,UPI,Completed,Sunny,1500,1500,4.8
326,2025-06-19,Thursday,June,12,Cricket,1,12,Tournament,Card,Completed,Sunny,1500,1500,4.4
327,2025-12-16,Tuesday,December,15,Football,2,10,Casual,Cash,Cancelled,Cloudy,1200,0,
328,2025-11-12,Wednesday,November,13,Football,2,12,Casual,Cash,Completed,Sunny,1200,2400,4.3
329,2025-09-27,Saturday,September,13,Cricket,3,10,Tournament,Card,Completed,Cloudy,1500,4500,4.5
330,2025-06-26,Thursday,June,19,Football,2,10,Casual,Card,Completed,Sunny,1400,2800,4.9
331,2025-01-30,Thursday,January,18,Football,2,14,Casual,UPI,Completed,Sunny,1400,2800,4.1
332,2025-05-17,Saturday,May,16,Cricket,1,13,Casual,UPI,Completed,Rainy,1500,1500,4.9
333,2025-04-01,Tuesday,April,13,Football,2,12,Casual,Cash,Completed,Cloudy,1200,2400,4.5
334,2025-04-07,Monday,April,18,Cricket,2,18,Casual,UPI,No-show,Sunny,1700,0,
335,2025-11-05,Wednesday,November,13,Football,1,10,Tournament,Card,Completed,Sunny,1200,1200,4.7
336,2025-01-31,Friday,January,7,Football,2,14,Casual,Cash,Completed,Sunny,1200,2400,3.9
337,2025-12-06,Saturday,December,15,Football,2,10,Casual,Card,Completed,Sunny,1200,2400,4.8
338,2025-11-29,Saturday,November,14,Cricket,3,15,Casual,Cash,Completed,Sunny,1500,4500,4.2
339,2025-05-31,Saturday,May,12,Cricket,3,16,Membership,Card,Completed,Cloudy,1500,4500,4.0
340,2025-11-10,Monday,November,13,Football,2,9,Casual,Cash,Completed,Sunny,1200,2400,4.2
341,2025-02-15,Saturday,February,18,Football,2,11,Casual,UPI,Completed,Sunny,1400,2800,4.2
342,2025-01-01,Wednesday,January,9,Football,2,9,Membership,UPI,Completed,Sunny,1200,2400,4.5
343,2025-09-03,Wednesday,September,18,Football,2,9,Casual,UPI,Cancelled,Cloudy,1400,0,
344,2025-06-13,Friday,June,13,Football,2,9,Membership,UPI,No-show,Sunny,1200,0,
345,2025-06-23,Monday,June,16,Football,2,13,Casual,Card,Cancelled,Rainy,1200,0,
346,2025-03-22,Saturday,March,9,Football,2,11,Casual,Card,Completed,Cloudy,1200,2400,4.1
347,2025-06-02,Monday,June,13,Football,3,12,Membership,Card,Completed,Sunny,1200,3600,4.3
348,2025-12-05,Friday,December,16,Football,1,8,Casual,UPI,Completed,Cloudy,1200,1200,4.4
349,2025-06-07,Saturday,June,18,Football,2,8,Casual,UPI,Completed,Sunny,1400,2800,4.3
350,2025-08-17,Sunday,August,9,Football,2,9,Membership,UPI,Completed,Sunny,1200,2400,4.6
351,2025-02-13,Thursday,February,17,Cricket,2,13,Casual,Cash,Completed,Cloudy,1700,3400,4.3
352,2025-12-18,Thursday,December,19,Football,2,11,Casual,Cash,Completed,Sunny,1400,2800,3.8
353,2025-09-22,Monday,September,18,Football,3,9,Casual,UPI,Completed,Cloudy,1400,4200,5.0
354,2025-04-09,Wednesday,April,12,Football,2,9,Tournament,Cash,Completed,Cloudy,1200,2400,4.1
355,2025-02-04,Tuesday,February,11,Football,3,10,Membership,Cash,Completed,Sunny,1200,3600,3.8
356,2025-11-16,Sunday,November,16,Cricket,1,16,Casual,UPI,Completed,Sunny,1500,1500,5.0
357,2025-02-24,Monday,February,16,Football,2,14,Casual,Card,Completed,Sunny,1200,2400,4.3
358,2025-10-20,Monday,October,16,Football,2,11,Casual,Card,Completed,Cloudy,1200,2400,3.8
359,2025-12-20,Saturday,December,13,Cricket,2,15,Casual,Card,Completed,Cloudy,1500,3000,4.1
360,2025-12-23,Tuesday,December,17,Cricket,2,12,Casual,Cash,Completed,Cloudy,1700,3400,4.2
361,2025-08-02,Saturday,August,16,Football,2,9,Tournament,Card,Completed,Sunny,1200,2400,4.4
362,2025-01-29,Wednesday,January,16,Football,2,13,Casual,UPI,Completed,Sunny,1200,2400,4.9
363,2025-03-30,Sunday,March,13,Cricket,1,13,Casual,Card,Completed,Sunny,1500,1500,4.0
364,2025-08-26,Tuesday,August,15,Football,1,13,Casual,Card,Completed,Sunny,1200,1200,4.0
365,2025-10-28,Tuesday,October,16,Football,2,13,Membership,UPI,Cancelled,Sunny,1200,0,
366,2025-03-25,Tuesday,March,19,Cricket,2,13,Casual,UPI,Completed,Cloudy,1700,3400,4.3
367,2025-12-16,Tuesday,December,6,Cricket,2,10,Casual,Cash,Completed,Cloudy,1500,3000,4.7
368,2025-11-26,Wednesday,November,14,Cricket,2,17,Casual,Card,Completed,Sunny,1500,3000,4.8
369,2025-10-27,Monday,October,11,Football,2,12,Casual,UPI,Completed,Cloudy,1200,2400,3.9
370,2025-06-22,Sunday,June,21,Football,2,10,Casual,Cash,Completed,Rainy,1400,2800,4.0
371,2025-05-04,Sunday,May,19,Cricket,3,16,Casual,Card,Completed,Cloudy,1700,5100,4.6
372,2025-05-13,Tuesday,May,19,Football,1,12,Membership,UPI,Completed,Sunny,1400,1400,4.7
373,2025-12-18,Thursday,December,16,Cricket,2,18,Casual,Card,Completed,Sunny,1500,3000,4.5
374,2025-02-19,Wednesday,February,15,Cricket,3,12,Tournament,UPI,Completed,Cloudy,1500,4500,4.1
375,2025-06-07,Saturday,June,15,Cricket,2,14,Casual,Cash,Completed,Sunny,1500,3000,3.9
376,2025-10-26,Sunday,October,16,Football,2,9,Casual,UPI,Completed,Cloudy,1200,2400,4.2
377,2025-03-19,Wednesday,March,12,Football,2,12,Membership,Cash,Cancelled,Rainy,1200,0,
378,2025-04-03,Thursday,April,18,Football,2,10,Casual,UPI,Completed,Sunny,1400,2800,4.7
379,2025-10-23,Thursday,October,18,Football,1,9,Casual,Card,Completed,Cloudy,1400,1400,5.0
380,2025-01-03,Friday,January,9,Football,2,8,Membership,UPI,Completed,Cloudy,1200,2400,3.8
381,2025-11-17,Monday,November,17,Football,2,10,Casual,UPI,Completed,Sunny,1400,2800,4.0
382,2025-06-02,Monday,June,20,Football,3,12,Casual,Card,Completed,Sunny,1400,4200,4.0
383,2025-07-03,Thursday,July,17,Football,2,8,Casual,Cash,Completed,Cloudy,1400,2800,4.7
384,2025-09-16,Tuesday,September,12,Football,1,11,Membership,UPI,Completed,Sunny,1200,1200,3.9
385,2025-12-05,Friday,December,11,Cricket,1,11,Casual,UPI,Completed,Sunny,1500,1500,4.4
386,2025-04-16,Wednesday,April,17,Football,2,11,Casual,UPI,Completed,Cloudy,1400,2800,4.5
387,2025-08-03,Sunday,August,18,Football,3,8,Casual,Card,Completed,Cloudy,1400,4200,4.5
388,2025-09-25,Thursday,September,21,Football,2,10,Casual,Card,Completed,Sunny,1400,2800,4.6
389,2025-06-19,Thursday,June,13,Football,1,8,Membership,Cash,Completed,Cloudy,1200,1200,3.9
390,2025-02-08,Saturday,February,17,Football,2,13,Casual,UPI,Completed,Rainy,1400,2800,4.4
391,2025-03-31,Monday,March,19,Cricket,2,15,Casual,UPI,Completed,Sunny,1700,3400,4.9
392,2025-03-12,Wednesday,March,17,Football,2,11,Tournament,Card,Completed,Sunny,1400,2800,4.2
393,2025-04-04,Friday,April,12,Football,2,10,Membership,UPI,Completed,Cloudy,1200,2400,4.3
394,2025-02-27,Thursday,February,12,Cricket,2,11,Casual,UPI,Completed,Sunny,1500,3000,4.6
395,2025-11-09,Sunday,November,15,Football,1,14,Casual,Card,Completed,Cloudy,1200,1200,4.0
396,2025-02-27,Thursday,February,19,Football,1,10,Casual,Cash,Completed,Sunny,1400,1400,4.4
397,2025-10-23,Thursday,October,17,Football,2,12,Casual,Cash,No-show,Cloudy,1400,0,
398,2025-05-08,Thursday,May,15,Football,2,9,Membership,Cash,Completed,Sunny,1200,2400,3.9
399,2025-03-22,Saturday,March,15,Football,2,14,Casual,Card,Completed,Cloudy,1200,2400,4.2
400,2025-01-26,Sunday,January,15,Football,2,11,Membership,UPI,Completed,Sunny,1200,2400,4.5
401,2025-09-13,Saturday,September,15,Football,2,13,Casual,UPI,Completed,Sunny,1200,2400,4.5
402,2025-02-16,Sunday,February,18,Cricket,2,18,Casual,UPI,Completed,Cloudy,1700,3400,4.2
403,2025-04-25,Friday,April,18,Football,3,12,Casual,Cash,Completed,Cloudy,1400,4200,3.9
404,2025-04-24,Thursday,April,6,Football,2,12,Casual,UPI,Cancelled,Cloudy,1200,0,
405,2025-09-10,Wednesday,September,12,Cricket,2,11,Casual,UPI,Completed,Sunny,1500,3000,4.8
406,2025-08-23,Saturday,August,18,Football,2,8,Membership,UPI,Completed,Sunny,1400,2800,4.6
407,2025-08-19,Tuesday,August,15,Football,3,9,Tournament,Card,Completed,Sunny,1200,3600,4.5
408,2025-10-27,Monday,October,15,Football,2,13,Casual,Cash,Completed,Cloudy,1200,2400,4.3
409,2025-11-07,Friday,November,19,Football,2,11,Tournament,Card,Completed,Rainy,1400,2800,4.1
410,2025-05-31,Saturday,May,15,Football,2,12,Membership,Card,Completed,Cloudy,1200,2400,4.6
411,2025-12-31,Wednesday,December,17,Football,2,9,Casual,UPI,Completed,Cloudy,1400,2800,4.9
412,2025-12-30,Tuesday,December,17,Cricket,3,18,Casual,Card,Completed,Sunny,1700,5100,4.2
413,2025-10-26,Sunday,October,16,Football,2,13,Membership,UPI,Completed,Cloudy,1200,2400,4.8
414,2025-09-25,Thursday,September,11,Football,1,13,Casual,Cash,Completed,Sunny,1200,1200,5.0
415,2025-05-09,Friday,May,12,Football,2,9,Membership,Cash,Completed,Sunny,1200,2400,3.9
416,2025-10-15,Wednesday,October,19,Cricket,3,16,Casual,Cash,Completed,Cloudy,1700,5100,4.1
417,2025-01-25,Saturday,January,20,Football,2,12,Casual,Card,Completed,Cloudy,1400,2800,4.8
418,2025-04-26,Saturday,April,19,Cricket,2,18,Membership,Card,Completed,Sunny,1700,3400,4.0
419,2025-04-01,Tuesday,April,21,Football,2,13,Casual,UPI,Completed,Sunny,1400,2800,4.5
420,2025-03-24,Monday,March,16,Football,2,11,Membership,UPI,Completed,Sunny,1200,2400,4.2
421,2025-11-17,Monday,November,16,Football,2,14,Casual,UPI,Completed,Sunny,1200,2400,4.2
422,2025-04-05,Saturday,April,16,Cricket,2,16,Casual,Cash,Completed,Sunny,1500,3000,4.9
423,2025-06-19,Thursday,June,14,Football,3,12,Casual,UPI,Completed,Sunny,1200,3600,4.6
424,2025-12-09,Tuesday,December,14,Football,3,12,Casual,UPI,Completed,Sunny,1200,3600,4.3
425,2025-07-17,Thursday,July,13,Cricket,1,18,Membership,UPI,Completed,Sunny,1500,1500,4.3
426,2025-06-01,Sunday,June,19,Football,3,8,Tournament,UPI,Completed,Sunny,1400,4200,4.4
427,2025-11-17,Monday,November,10,Football,2,14,Casual,Cash,Completed,Cloudy,1200,2400,4.8
428,2025-08-11,Monday,August,16,Cricket,2,10,Casual,UPI,No-show,Sunny,1500,0,
429,2025-04-02,Wednesday,April,18,Football,3,14,Casual,Card,Completed,Sunny,1400,4200,4.6
430,2025-06-11,Wednesday,June,7,Football,3,8,Casual,Cash,Completed,Cloudy,1200,3600,4.5
431,2025-02-07,Friday,February,14,Football,2,14,Casual,Card,Completed,Cloudy,1200,2400,4.9
432,2025-07-22,Tuesday,July,18,Football,2,12,Casual,Card,Completed,Cloudy,1400,2800,4.8
433,2025-11-21,Friday,November,12,Football,2,8,Casual,Cash,Completed,Sunny,1200,2400,3.8
434,2025-07-21,Monday,July,16,Cricket,2,13,Membership,Cash,Completed,Rainy,1500,3000,4.3
435,2025-09-20,Saturday,September,12,Football,3,14,Casual,UPI,Completed,Sunny,1200,3600,4.5
436,2025-10-09,Thursday,October,15,Football,2,13,Casual,Card,Completed,Sunny,1200,2400,4.4
437,2025-07-02,Wednesday,July,12,Football,1,10,Casual,Cash,Completed,Rainy,1200,1200,4.3
438,2025-12-04,Thursday,December,14,Football,3,12,Casual,UPI,Completed,Sunny,1200,3600,3.8
439,2025-04-24,Thursday,April,17,Football,2,14,Casual,Card,Completed,Cloudy,1400,2800,4.4
440,2025-07-03,Thursday,July,18,Football,1,9,Casual,Cash,Completed,Sunny,1400,1400,4.8
441,2025-04-11,Friday,April,14,Cricket,1,11,Membership,Cash,Completed,Cloudy,1500,1500,4.8
442,2025-07-27,Sunday,July,18,Football,1,12,Casual,UPI,Completed,Cloudy,1400,1400,4.6
443,2025-07-07,Monday,July,15,Cricket,3,14,Casual,Card,No-show,Sunny,1500,0,
444,2025-09-15,Monday,September,6,Football,3,13,Casual,Cash,Completed,Sunny,1200,3600,4.0
445,2025-12-04,Thursday,December,19,Football,2,10,Casual,UPI,Completed,Cloudy,1400,2800,4.1
446,2025-01-22,Wednesday,January,17,Football,2,11,Casual,Cash,Cancelled,Sunny,1400,0,
447,2025-06-15,Sunday,June,11,Cricket,2,14,Casual,Cash,Completed,Sunny,1500,3000,4.3
448,2025-12-01,Monday,December,19,Football,2,11,Tournament,Card,Completed,Sunny,1400,2800,4.8
449,2025-09-07,Sunday,September,18,Cricket,1,18,Membership,Card,Completed,Sunny,1700,1700,4.4
450,2025-04-19,Saturday,April,12,Football,3,13,Membership,UPI,Completed,Cloudy,1200,3600,4.2
451,2025-09-04,Thursday,September,17,Football,3,9,Casual,Cash,Completed,Sunny,1400,4200,4.0
452,2025-03-24,Monday,March,12,Football,3,9,Casual,Cash,Completed,Sunny,1200,3600,4.9
453,2025-10-16,Thursday,October,16,Cricket,2,11,Casual,UPI,Completed,Cloudy,1500,3000,4.4
454,2025-07-30,Wednesday,July,16,Cricket,2,18,Casual,Cash,Completed,Cloudy,1500,3000,4.3
455,2025-02-05,Wednesday,February,13,Football,1,8,Casual,UPI,Completed,Cloudy,1200,1200,4.3
456,2025-11-07,Friday,November,11,Football,3,12,Casual,Card,Completed,Cloudy,1200,3600,3.9
457,2025-12-04,Thursday,December,12,Football,1,14,Casual,Cash,Completed,Sunny,1200,1200,4.8
458,2025-09-29,Monday,September,15,Cricket,2,16,Casual,Cash,Completed,Cloudy,1500,3000,4.8
459,2025-02-20,Thursday,February,15,Football,2,14,Casual,UPI,Completed,Sunny,1200,2400,4.1
460,2025-12-30,Tuesday,December,17,Football,3,8,Casual,Card,Completed,Sunny,1400,4200,4.8
461,2025-07-05,Saturday,July,11,Football,3,10,Casual,Cash,Completed,Sunny,1200,3600,4.5
462,2025-07-23,Wednesday,July,17,Football,3,11,Casual,Cash,Completed,Sunny,1400,4200,5.0
463,2025-06-26,Thursday,June,18,Football,2,14,Membership,UPI,Completed,Sunny,1400,2800,4.7
464,2025-02-21,Friday,February,13,Football,2,14,Casual,Cash,Completed,Cloudy,1200,2400,4.0
465,2025-01-03,Friday,January,18,Cricket,2,16,Casual,Cash,Completed,Sunny,1700,3400,4.5
466,2025-07-16,Wednesday,July,20,Football,3,10,Membership,Cash,Completed,Sunny,1400,4200,4.8
467,2025-09-11,Thursday,September,15,Football,3,10,Casual,Cash,Completed,Cloudy,1200,3600,4.6
468,2025-03-28,Friday,March,17,Football,1,9,Casual,Card,Completed,Sunny,1400,1400,4.6
469,2025-10-28,Tuesday,October,13,Football,1,8,Casual,Card,Completed,Cloudy,1200,1200,4.5
470,2025-05-22,Thursday,May,13,Cricket,2,16,Casual,UPI,Completed,Sunny,1500,3000,3.9
471,2025-09-15,Monday,September,14,Cricket,3,14,Membership,Card,Completed,Cloudy,1500,4500,4.6
472,2025-10-16,Thursday,October,15,Football,2,14,Casual,UPI,Completed,Sunny,1200,2400,3.8
473,2025-05-13,Tuesday,May,10,Football,2,13,Membership,Cash,Completed,Cloudy,1200,2400,4.2
474,2025-01-05,Sunday,January,17,Football,2,8,Casual,UPI,Completed,Cloudy,1400,2800,4.5
475,2025-09-01,Monday,September,14,Football,3,10,Casual,Cash,Completed,Cloudy,1200,3600,4.0
476,2025-04-13,Sunday,April,13,Football,2,9,Casual,UPI,Completed,Cloudy,1200,2400,4.2
477,2025-03-03,Monday,March,19,Football,2,12,Casual,Card,Completed,Cloudy,1400,2800,4.8
478,2025-11-14,Friday,November,14,Cricket,3,14,Casual,UPI,Completed,Rainy,1500,4500,4.1
479,2025-10-23,Thursday,October,12,Football,2,11,Tournament,UPI,Completed,Sunny,1200,2400,4.8
480,2025-08-23,Saturday,August,21,Football,2,10,Casual,Card,Completed,Sunny,1400,2800,4.5
481,2025-07-05,Saturday,July,16,Football,3,10,Casual,Card,Completed,Sunny,1200,3600,4.2
482,2025-08-06,Wednesday,August,13,Cricket,2,15,Membership,Cash,Completed,Sunny,1500,3000,4.0
483,2025-12-18,Thursday,December,13,Football,2,14,Casual,Cash,Completed,Sunny,1200,2400,4.0
484,2025-03-18,Tuesday,March,15,Football,2,11,Casual,Card,Completed,Cloudy,1200,2400,4.4
485,2025-09-07,Sunday,September,14,Football,3,8,Casual,Card,Cancelled,Cloudy,1200,0,
486,2025-09-01,Monday,September,18,Football,2,10,Casual,UPI,Completed,Sunny,1400,2800,4.1
487,2025-07-30,Wednesday,July,12,Cricket,3,13,Casual,Card,Completed,Cloudy,1500,4500,5.0
488,2025-07-01,Tuesday,July,14,Football,2,8,Casual,UPI,Completed,Sunny,1200,2400,4.0
489,2025-11-24,Monday,November,18,Football,3,12,Casual,Card,Cancelled,Rainy,1400,0,
490,2025-04-27,Sunday,April,14,Football,2,12,Casual,Card,Completed,Sunny,1200,2400,4.8
491,2025-10-28,Tuesday,October,16,Football,2,9,Membership,Cash,Completed,Sunny,1200,2400,4.1
492,2025-12-25,Thursday,December,17,Football,2,8,Casual,Card,Completed,Rainy,1400,2800,3.9
493,2025-09-26,Friday,September,18,Football,2,12,Casual,UPI,Completed,Cloudy,1400,2800,4.2
494,2025-05-26,Monday,May,15,Football,3,14,Casual,Card,Completed,Sunny,1200,3600,4.9
495,2025-08-28,Thursday,August,21,Football,2,12,Casual,Cash,Completed,Rainy,1400,2800,4.0
496,2025-08-22,Friday,August,16,Football,3,11,Casual,Cash,Completed,Cloudy,1200,3600,4.2
497,2025-04-27,Sunday,April,18,Football,2,11,Casual,UPI,Cancelled,Sunny,1400,0,
498,2025-06-26,Thursday,June,14,Football,2,14,Casual,UPI,Completed,Sunny,1200,2400,4.2
499,2025-01-04,Saturday,January,16,Football,3,11,Casual,Card,Completed,Sunny,1200,3600,4.3
500,2025-04-23,Wednesday,April,14,Football,2,12,Membership,Card,Completed,Rainy,1200,2400,4.6
501,2025-11-29,Saturday,November,17,Cricket,2,13,Membership,Cash,Completed,Sunny,1700,3400,4.6
502,2025-08-20,Wednesday,August,14,Football,2,10,Casual,UPI,Completed,Sunny,1200,2400,4.0
503,2025-05-25,Sunday,May,14,Cricket,1,13,Casual,Card,Completed,Sunny,1500,1500,4.3
504,2025-07-10,Thursday,July,15,Cricket,2,11,Membership,Card,Cancelled,Rainy,1500,0,
505,2025-02-06,Thursday,February,16,Football,2,14,Casual,Card,Completed,Sunny,1200,2400,4.7
506,2025-08-15,Friday,August,13,Cricket,2,17,Membership,Card,Completed,Sunny,1500,3000,4.1
507,2025-12-15,Monday,December,20,Cricket,2,10,Membership,Card,Completed,Sunny,1700,3400,4.4
508,2025-04-12,Saturday,April,14,Football,2,8,Casual,Card,Cancelled,Sunny,1200,0,
509,2025-10-27,Monday,October,12,Cricket,1,10,Casual,UPI,Completed,Cloudy,1500,1500,4.0
510,2025-05-08,Thursday,May,12,Football,3,10,Tournament,Cash,Completed,Rainy,1200,3600,3.9
511,2025-03-20,Thursday,March,17,Cricket,2,17,Casual,Card,Completed,Rainy,1700,3400,4.7
512,2025-04-09,Wednesday,April,7,Football,2,10,Membership,Cash,Completed,Sunny,1200,2400,4.2
513,2025-09-08,Monday,September,13,Football,2,10,Membership,Cash,Completed,Sunny,1200,2400,4.9
514,2025-03-24,Monday,March,10,Football,2,14,Casual,Cash,Cancelled,Sunny,1200,0,
515,2025-09-17,Wednesday,September,15,Football,1,12,Membership,Cash,Completed,Cloudy,1200,1200,4.7
516,2025-10-03,Friday,October,18,Football,2,14,Casual,UPI,Completed,Cloudy,1400,2800,4.6
517,2025-02-19,Wednesday,February,16,Football,2,9,Membership,Cash,Completed,Sunny,1200,2400,3.9
518,2025-11-25,Tuesday,November,18,Football,3,12,Membership,UPI,Completed,Sunny,1400,4200,4.5
519,2025-01-07,Tuesday,January,20,Football,2,14,Casual,Cash,Cancelled,Cloudy,1400,0,
520,2025-08-01,Friday,August,18,Cricket,1,14,Casual,UPI,Completed,Cloudy,1700,1700,3.9
521,2025-09-23,Tuesday,September,11,Cricket,3,16,Casual,UPI,Completed,Sunny,1500,4500,4.6
522,2025-10-13,Monday,October,17,Football,1,14,Casual,UPI,Completed,Sunny,1400,1400,4.6
523,2025-03-27,Thursday,March,18,Football,3,10,Casual,Card,Completed,Sunny,1400,4200,4.9
524,2025-10-09,Thursday,October,22,Football,2,11,Membership,Cash,Completed,Sunny,1400,2800,4.5
525,2025-10-07,Tuesday,October,13,Cricket,2,15,Tournament,Card,Completed,Sunny,1500,3000,4.7
526,2025-11-02,Sunday,November,7,Football,2,8,Casual,Cash,Completed,Sunny,1200,2400,3.8
527,2025-05-22,Thursday,May,19,Football,3,12,Casual,Card,Completed,Sunny,1400,4200,4.0
528,2025-10-26,Sunday,October,13,Football,2,8,Casual,Card,Completed,Sunny,1200,2400,3.9
529,2025-09-05,Friday,September,13,Cricket,3,11,Casual,UPI,Completed,Sunny,1500,4500,4.5
530,2025-01-29,Wednesday,January,20,Football,2,11,Tournament,Cash,Completed,Sunny,1400,2800,4.7
531,2025-01-06,Monday,January,16,Football,1,10,Casual,Cash,Completed,Sunny,1200,1200,4.2
532,2025-04-24,Thursday,April,12,Football,2,11,Membership,Card,No-show,Sunny,1200,0,
533,2025-05-29,Thursday,May,18,Football,2,8,Casual,Card,Completed,Cloudy,1400,2800,4.1
534,2025-09-14,Sunday,September,15,Football,2,11,Casual,Cash,Completed,Sunny,1200,2400,4.0
535,2025-09-26,Friday,September,13,Football,2,10,Casual,Card,Completed,Sunny,1200,2400,4.3
536,2025-06-28,Saturday,June,13,Football,1,14,Casual,Card,Completed,Rainy,1200,1200,5.0
537,2025-11-16,Sunday,November,12,Football,2,9,Casual,Cash,Completed,Sunny,1200,2400,3.9
538,2025-01-28,Tuesday,January,13,Football,2,14,Membership,Card,Completed,Sunny,1200,2400,4.8
539,2025-08-19,Tuesday,August,15,Football,3,9,Casual,Cash,Completed,Sunny,1200,3600,4.4
540,2025-03-14,Friday,March,17,Football,2,12,Tournament,UPI,Completed,Sunny,1400,2800,3.9
541,2025-12-23,Tuesday,December,16,Football,1,8,Casual,UPI,Completed,Sunny,1200,1200,4.6
542,2025-01-10,Friday,January,14,Cricket,2,13,Tournament,Card,Completed,Sunny,1500,3000,4.9
543,2025-11-02,Sunday,November,16,Football,3,11,Casual,Cash,Cancelled,Cloudy,1200,0,
544,2025-06-06,Friday,June,14,Football,2,8,Casual,Cash,Completed,Sunny,1200,2400,4.1
545,2025-05-22,Thursday,May,18,Football,2,14,Tournament,Card,Completed,Rainy,1400,2800,4.1
546,2025-07-21,Monday,July,17,Football,2,12,Tournament,UPI,Completed,Cloudy,1400,2800,4.1
547,2025-10-21,Tuesday,October,12,Cricket,3,15,Casual,Cash,Completed,Sunny,1500,4500,4.5
548,2025-04-14,Monday,April,19,Football,3,9,Casual,Cash,Completed,Rainy,1400,4200,4.6
549,2025-03-22,Saturday,March,14,Football,1,9,Casual,Card,Completed,Cloudy,1200,1200,4.7
550,2025-07-30,Wednesday,July,14,Cricket,2,12,Membership,Cash,Completed,Sunny,1500,3000,4.7
551,2025-11-12,Wednesday,November,14,Football,2,12,Casual,Card,Completed,Cloudy,1200,2400,4.6
552,2025-03-10,Monday,March,15,Football,2,9,Membership,UPI,Completed,Sunny,1200,2400,4.0
553,2025-07-29,Tuesday,July,18,Football,2,11,Casual,UPI,Completed,Cloudy,1400,2800,4.0
554,2025-08-13,Wednesday,August,19,Football,2,14,Casual,Cash,Completed,Sunny,1400,2800,3.9
555,2025-07-14,Monday,July,17,Football,3,12,Casual,UPI,Completed,Cloudy,1400,4200,3.8
556,2025-08-20,Wednesday,August,15,Cricket,2,18,Casual,Card,Cancelled,Rainy,1500,0,
557,2025-09-22,Monday,September,18,Cricket,2,14,Casual,UPI,Completed,Cloudy,1700,3400,4.1
558,2025-08-05,Tuesday,August,14,Cricket,3,12,Casual,Cash,No-show,Cloudy,1500,0,
559,2025-02-27,Thursday,February,13,Football,3,9,Casual,Card,Cancelled,Sunny,1200,0,
560,2025-10-30,Thursday,October,19,Cricket,2,11,Casual,Cash,Completed,Cloudy,1700,3400,4.8
561,2025-03-05,Wednesday,March,11,Cricket,2,11,Casual,UPI,Completed,Sunny,1500,3000,4.4
562,2025-07-13,Sunday,July,16,Football,2,10,Casual,UPI,Completed,Cloudy,1200,2400,4.8
563,2025-12-31,Wednesday,December,9,Football,2,10,Casual,Cash,Completed,Sunny,1200,2400,4.0
564,2025-05-10,Saturday,May,7,Football,2,12,Membership,Cash,Completed,Cloudy,1200,2400,4.1
565,2025-09-01,Monday,September,15,Football,3,12,Casual,UPI,Completed,Cloudy,1200,3600,4.6
566,2025-01-26,Sunday,January,13,Football,2,8,Casual,Card,Completed,Sunny,1200,2400,4.5
567,2025-02-14,Friday,February,9,Football,2,9,Casual,Cash,Completed,Cloudy,1200,2400,4.5
568,2025-04-01,Tuesday,April,21,Cricket,2,10,Casual,UPI,Completed,Sunny,1700,3400,4.3
569,2025-08-07,Thursday,August,18,Football,2,9,Casual,UPI,Completed,Cloudy,1400,2800,4.3
570,2025-12-23,Tuesday,December,13,Football,3,13,Tournament,Cash,No-show,Sunny,1200,0,
571,2025-12-19,Friday,December,16,Cricket,2,16,Casual,Card,Completed,Sunny,1500,3000,5.0
572,2025-03-08,Saturday,March,16,Football,2,11,Membership,UPI,Completed,Cloudy,1200,2400,4.1
573,2025-01-01,Wednesday,January,12,Football,1,13,Membership,Card,Completed,Cloudy,1200,1200,4.3
574,2025-06-29,Sunday,June,16,Football,1,13,Casual,Cash,Completed,Sunny,1200,1200,4.2
575,2025-10-09,Thursday,October,14,Football,2,10,Casual,UPI,Completed,Sunny,1200,2400,4.8
576,2025-06-19,Thursday,June,18,Cricket,2,17,Membership,Cash,Completed,Cloudy,1700,3400,4.6
577,2025-06-21,Saturday,June,15,Cricket,1,18,Casual,UPI,Completed,Cloudy,1500,1500,4.4
578,2025-10-23,Thursday,October,17,Cricket,2,11,Tournament,Card,Cancelled,Sunny,1700,0,
579,2025-11-17,Monday,November,16,Football,3,11,Casual,Card,Completed,Sunny,1200,3600,4.2
580,2025-12-30,Tuesday,December,8,Football,2,9,Casual,UPI,Completed,Cloudy,1200,2400,4.4
581,2025-02-27,Thursday,February,14,Football,2,8,Casual,UPI,Completed,Sunny,1200,2400,4.4
582,2025-06-24,Tuesday,June,20,Cricket,3,14,Membership,Cash,Completed,Sunny,1700,5100,4.8
583,2025-12-13,Saturday,December,22,Football,1,11,Casual,UPI,Completed,Cloudy,1400,1400,4.2
584,2025-12-18,Thursday,December,18,Cricket,2,17,Membership,UPI,Completed,Sunny,1700,3400,4.7
585,2025-10-23,Thursday,October,17,Football,2,10,Casual,Cash,Completed,Sunny,1400,2800,4.7
586,2025-03-02,Sunday,March,14,Football,1,8,Tournament,Cash,Completed,Sunny,1200,1200,4.5
587,2025-06-13,Friday,June,14,Cricket,2,13,Casual,UPI,Completed,Sunny,1500,3000,4.4
588,2025-03-08,Saturday,March,8,Cricket,1,11,Casual,Cash,Completed,Sunny,1500,1500,4.6
589,2025-11-19,Wednesday,November,18,Football,3,10,Casual,Cash,Completed,Cloudy,1400,4200,4.6
590,2025-02-10,Monday,February,21,Cricket,2,12,Casual,Card,Completed,Cloudy,1700,3400,3.9
591,2025-12-17,Wednesday,December,16,Cricket,2,13,Tournament,Card,Completed,Sunny,1500,3000,4.1
592,2025-07-20,Sunday,July,13,Cricket,2,15,Casual,Card,Completed,Sunny,1500,3000,4.2
593,2025-03-29,Saturday,March,14,Football,3,9,Casual,Cash,Completed,Sunny,1200,3600,3.9
594,2025-11-29,Saturday,November,10,Football,2,11,Casual,Card,Completed,Sunny,1200,2400,4.0
595,2025-07-16,Wednesday,July,10,Football,3,11,Membership,UPI,Completed,Sunny,1200,3600,4.5
596,2025-03-30,Sunday,March,17,Football,3,14,Casual,Card,Completed,Sunny,1400,4200,4.5
597,2025-04-01,Tuesday,April,14,Football,3,8,Casual,Cash,Completed,Sunny,1200,3600,4.2
598,2025-12-05,Friday,December,10,Football,2,12,Tournament,UPI,Cancelled,Cloudy,1200,0,
599,2025-12-05,Friday,December,12,Football,2,12,Casual,Cash,Completed,Sunny,1200,2400,4.2
600,2025-12-14,Sunday,December,14,Cricket,2,15,Tournament,UPI,Completed,Sunny,1500,3000,4.4
601,2025-05-31,Saturday,May,10,Cricket,1,10,Membership,UPI,Completed,Cloudy,1500,1500,4.8
602,2025-05-01,Thursday,May,15,Football,2,13,Casual,Card,Completed,Sunny,1200,2400,4.6
603,2025-03-13,Thursday,March,13,Football,2,14,Casual,UPI,Completed,Sunny,1200,2400,4.0
604,2025-02-06,Thursday,February,17,Football,2,13,Casual,Cash,Cancelled,Rainy,1400,0,
605,2025-08-01,Friday,August,19,Cricket,3,16,Casual,Card,Completed,Sunny,1700,5100,4.8
606,2025-07-01,Tuesday,July,13,Football,1,12,Casual,Cash,Completed,Cloudy,1200,1200,4.1
607,2025-10-23,Thursday,October,14,Cricket,3,17,Membership,UPI,Completed,Sunny,1500,4500,4.6
608,2025-09-27,Saturday,September,21,Cricket,2,17,Casual,Cash,Completed,Sunny,1700,3400,4.1
609,2025-12-06,Saturday,December,20,Football,3,14,Casual,UPI,Completed,Cloudy,1400,4200,4.4
610,2025-08-29,Friday,August,15,Cricket,3,15,Casual,UPI,Completed,Rainy,1500,4500,4.1
611,2025-12-22,Monday,December,20,Cricket,3,14,Casual,Card,Completed,Sunny,1700,5100,3.9
612,2025-11-16,Sunday,November,8,Football,2,12,Casual,Card,Completed,Cloudy,1200,2400,4.5
613,2025-05-12,Monday,May,7,Football,2,12,Membership,Cash,Completed,Cloudy,1200,2400,4.0
614,2025-05-01,Thursday,May,15,Cricket,1,15,Tournament,Card,Completed,Rainy,1500,1500,4.8
615,2025-07-31,Thursday,July,18,Football,2,13,Casual,Cash,Completed,Sunny,1400,2800,4.2
616,2025-05-16,Friday,May,17,Football,2,11,Casual,Cash,Completed,Sunny,1400,2800,4.7
617,2025-04-30,Wednesday,April,15,Cricket,2,14,Casual,Card,Cancelled,Cloudy,1500,0,
618,2025-07-15,Tuesday,July,17,Cricket,1,11,Tournament,Cash,Completed,Cloudy,1700,1700,4.3
619,2025-05-20,Tuesday,May,14,Football,1,10,Casual,Cash,Completed,Sunny,1200,1200,4.7
620,2025-12-11,Thursday,December,16,Football,2,13,Casual,UPI,Completed,Sunny,1200,2400,4.6
621,2025-01-07,Tuesday,January,15,Football,2,10,Casual,UPI,Completed,Sunny,1200,2400,3.8
622,2025-01-30,Thursday,January,20,Football,2,12,Casual,UPI,Completed,Cloudy,1400,2800,4.8
623,2025-07-12,Saturday,July,17,Cricket,3,12,Membership,UPI,Completed,Cloudy,1700,5100,4.4
624,2025-11-24,Monday,November,15,Cricket,2,15,Casual,Card,Completed,Cloudy,1500,3000,3.9
625,2025-06-20,Friday,June,22,Football,2,9,Casual,UPI,Completed,Sunny,1400,2800,4.5
626,2025-11-27,Thursday,November,15,Football,2,9,Casual,UPI,Completed,Sunny,1200,2400,4.1
627,2025-02-07,Friday,February,10,Cricket,2,10,Membership,Cash,Completed,Sunny,1500,3000,4.9
628,2025-07-19,Saturday,July,14,Cricket,2,10,Casual,Cash,Completed,Rainy,1500,3000,4.3
629,2025-02-05,Wednesday,February,16,Football,2,8,Casual,Card,Completed,Rainy,1200,2400,4.6
630,2025-01-29,Wednesday,January,16,Cricket,1,15,Casual,Card,Cancelled,Rainy,1500,0,
631,2025-05-29,Thursday,May,17,Football,1,11,Casual,Cash,Completed,Sunny,1400,1400,3.9
632,2025-07-03,Thursday,July,15,Cricket,2,13,Casual,Card,Completed,Sunny,1500,3000,4.5
633,2025-07-19,Saturday,July,10,Football,2,11,Casual,UPI,Completed,Cloudy,1200,2400,5.0
634,2025-06-23,Monday,June,9,Cricket,1,16,Casual,Cash,Completed,Cloudy,1500,1500,4.4
635,2025-10-02,Thursday,October,12,Football,1,8,Membership,Cash,Cancelled,Sunny,1200,0,
636,2025-01-24,Friday,January,13,Football,1,9,Casual,Cash,Completed,Rainy,1200,1200,3.9
637,2025-03-29,Saturday,March,18,Football,1,8,Casual,Card,Completed,Cloudy,1400,1400,4.8
638,2025-06-22,Sunday,June,18,Cricket,2,15,Casual,UPI,Completed,Cloudy,1700,3400,4.2
639,2025-01-24,Friday,January,16,Football,1,10,Casual,Card,Completed,Sunny,1200,1200,4.5
640,2025-05-05,Monday,May,20,Football,1,14,Membership,Card,Completed,Cloudy,1400,1400,3.8
641,2025-02-11,Tuesday,February,6,Football,1,13,Casual,Card,Completed,Cloudy,1200,1200,4.8
642,2025-12-21,Sunday,December,12,Football,2,12,Casual,Cash,Completed,Sunny,1200,2400,4.6
643,2025-04-03,Thursday,April,17,Football,1,13,Membership,UPI,Completed,Sunny,1400,1400,4.5
644,2025-03-02,Sunday,March,21,Cricket,3,15,Membership,Cash,Completed,Rainy,1700,5100,4.4
645,2025-12-04,Thursday,December,13,Football,1,14,Casual,UPI,Completed,Cloudy,1200,1200,4.4
646,2025-12-10,Wednesday,December,20,Football,2,10,Casual,Card,Completed,Sunny,1400,2800,4.9
647,2025-01-23,Thursday,January,11,Football,3,9,Casual,UPI,Completed,Sunny,1200,3600,3.9
648,2025-08-16,Saturday,August,16,Football,2,13,Casual,UPI,Completed,Sunny,1200,2400,4.2
649,2025-05-02,Friday,May,17,Cricket,2,13,Casual,Card,Cancelled,Sunny,1700,0,
650,2025-03-16,Sunday,March,13,Football,2,11,Casual,Card,Completed,Sunny,1200,2400,4.2
651,2025-04-14,Monday,April,14,Football,3,8,Casual,Card,Completed,Sunny,1200,3600,4.3
652,2025-04-23,Wednesday,April,19,Football,3,9,Casual,Cash,Completed,Sunny,1400,4200,4.3
653,2025-09-08,Monday,September,19,Football,2,14,Casual,UPI,Completed,Sunny,1400,2800,4.8
654,2025-06-17,Tuesday,June,15,Football,3,9,Tournament,Card,Completed,Cloudy,1200,3600,3.9
655,2025-09-16,Tuesday,September,8,Football,2,14,Membership,Cash,Completed,Cloudy,1200,2400,4.1
656,2025-01-07,Tuesday,January,17,Football,2,9,Casual,Cash,Completed,Sunny,1400,2800,3.8
657,2025-06-06,Friday,June,12,Football,3,13,Casual,Cash,Completed,Rainy,1200,3600,4.0
658,2025-07-27,Sunday,July,13,Cricket,2,10,Membership,UPI,Completed,Sunny,1500,3000,4.2
659,2025-06-01,Sunday,June,15,Football,3,12,Casual,Card,Completed,Sunny,1200,3600,4.5
660,2025-01-29,Wednesday,January,16,Cricket,2,10,Casual,UPI,Completed,Sunny,1500,3000,4.2
661,2025-11-28,Friday,November,16,Football,2,9,Tournament,Cash,Completed,Sunny,1200,2400,4.4
662,2025-12-26,Friday,December,13,Cricket,2,15,Casual,UPI,Completed,Sunny,1500,3000,4.1
663,2025-07-10,Thursday,July,14,Football,3,14,Casual,Card,Completed,Cloudy,1200,3600,4.4
664,2025-08-20,Wednesday,August,16,Cricket,1,13,Membership,UPI,No-show,Sunny,1500,0,
665,2025-05-28,Wednesday,May,20,Football,2,10,Casual,Cash,Completed,Sunny,1400,2800,4.0
666,2025-01-12,Sunday,January,14,Cricket,3,12,Casual,UPI,Completed,Sunny,1500,4500,3.8
667,2025-02-02,Sunday,February,7,Cricket,3,15,Casual,Cash,Completed,Sunny,1500,4500,4.2
668,2025-12-07,Sunday,December,17,Cricket,2,17,Casual,Card,Completed,Sunny,1700,3400,4.0
669,2025-04-27,Sunday,April,15,Cricket,1,12,Casual,Cash,Completed,Sunny,1500,1500,4.9
670,2025-10-02,Thursday,October,14,Cricket,2,12,Casual,Card,Completed,Sunny,1500,3000,4.0
671,2025-07-09,Wednesday,July,13,Football,1,13,Casual,UPI,Completed,Sunny,1200,1200,4.4
672,2025-10-01,Wednesday,October,14,Cricket,2,17,Membership,Cash,Completed,Rainy,1500,3000,4.0
673,2025-10-07,Tuesday,October,21,Football,2,11,Membership,Cash,Completed,Rainy,1400,2800,5.0
674,2025-03-17,Monday,March,18,Cricket,2,15,Casual,Cash,Completed,Cloudy,1700,3400,4.0
675,2025-03-01,Saturday,March,14,Football,2,11,Casual,Cash,Completed,Sunny,1200,2400,4.0
676,2025-04-24,Thursday,April,18,Cricket,2,10,Casual,Cash,Completed,Cloudy,1700,3400,4.9
677,2025-07-21,Monday,July,13,Football,3,12,Tournament,Card,Completed,Rainy,1200,3600,4.0
678,2025-07-09,Wednesday,July,15,Football,2,10,Casual,Card,Completed,Sunny,1200,2400,4.1
679,2025-08-01,Friday,August,18,Football,2,13,Membership,UPI,Completed,Sunny,1400,2800,3.9
680,2025-06-05,Thursday,June,15,Cricket,2,11,Tournament,Cash,Completed,Sunny,1500,3000,3.8
681,2025-05-20,Tuesday,May,15,Football,3,14,Tournament,Card,Completed,Sunny,1200,3600,4.1
682,2025-01-22,Wednesday,January,18,Football,3,10,Casual,UPI,Completed,Cloudy,1400,4200,4.7
683,2025-05-15,Thursday,May,14,Football,2,8,Casual,Cash,Completed,Cloudy,1200,2400,4.4
684,2025-11-27,Thursday,November,13,Football,2,11,Tournament,Cash,Completed,Sunny,1200,2400,4.5
685,2025-08-12,Tuesday,August,19,Football,2,13,Membership,Card,Completed,Sunny,1400,2800,3.8
686,2025-03-25,Tuesday,March,16,Football,2,13,Casual,Card,Completed,Sunny,1200,2400,4.3
687,2025-01-25,Saturday,January,14,Football,1,12,Casual,UPI,Completed,Cloudy,1200,1200,4.5
688,2025-10-06,Monday,October,14,Football,2,10,Casual,Cash,No-show,Cloudy,1200,0,
689,2025-06-30,Monday,June,18,Football,3,10,Casual,UPI,Completed,Sunny,1400,4200,4.9
690,2025-04-22,Tuesday,April,12,Football,2,14,Membership,Cash,Completed,Cloudy,1200,2400,4.4
691,2025-12-31,Wednesday,December,16,Cricket,1,16,Casual,Card,Completed,Sunny,1500,1500,4.9
692,2025-06-28,Saturday,June,14,Football,2,12,Casual,Card,Cancelled,Rainy,1200,0,
693,2025-01-15,Wednesday,January,17,Football,2,14,Casual,UPI,Completed,Cloudy,1400,2800,4.1
694,2025-08-06,Wednesday,August,17,Cricket,1,10,Membership,UPI,Cancelled,Cloudy,1700,0,
695,2025-01-17,Friday,January,18,Football,1,11,Casual,Cash,Cancelled,Sunny,1400,0,
696,2025-01-06,Monday,January,17,Cricket,3,13,Casual,UPI,Completed,Sunny,1700,5100,3.8
697,2025-05-23,Friday,May,20,Football,2,14,Casual,UPI,Completed,Cloudy,1400,2800,4.5
698,2025-10-24,Friday,October,18,Football,2,10,Casual,Cash,Cancelled,Cloudy,1400,0,
699,2025-02-20,Thursday,February,20,Cricket,2,15,Casual,Card,Completed,Sunny,1700,3400,3.9
700,2025-07-14,Monday,July,15,Football,2,8,Membership,Card,Completed,Sunny,1200,2400,4.4
701,2025-07-04,Friday,July,17,Football,1,8,Casual,Card,Completed,Sunny,1400,1400,4.5
702,2025-12-18,Thursday,December,21,Football,3,11,Casual,Card,Completed,Cloudy,1400,4200,3.9
703,2025-12-14,Sunday,December,14,Football,2,13,Casual,UPI,Completed,Sunny,1200,2400,3.9
704,2025-07-22,Tuesday,July,15,Football,1,13,Tournament,UPI,Cancelled,Rainy,1200,0,
705,2025-06-23,Monday,June,13,Cricket,2,11,Casual,Cash,Completed,Sunny,1500,3000,4.7
706,2025-10-31,Friday,October,14,Cricket,2,15,Casual,Card,Completed,Cloudy,1500,3000,4.4
707,2025-03-17,Monday,March,18,Football,2,11,Casual,UPI,Completed,Cloudy,1400,2800,3.9
708,2025-02-04,Tuesday,February,15,Football,2,11,Casual,UPI,Completed,Sunny,1200,2400,4.5
709,2025-12-05,Friday,December,17,Cricket,2,13,Casual,Cash,Completed,Sunny,1700,3400,4.5
710,2025-10-07,Tuesday,October,7,Cricket,2,11,Casual,UPI,Completed,Sunny,1500,3000,4.4
711,2025-04-01,Tuesday,April,16,Cricket,2,12,Casual,UPI,Completed,Sunny,1500,3000,4.4
712,2025-10-19,Sunday,October,17,Football,3,12,Casual,Card,Completed,Sunny,1400,4200,3.9
713,2025-09-11,Thursday,September,16,Football,2,14,Tournament,UPI,Cancelled,Sunny,1200,0,
714,2025-03-07,Friday,March,18,Football,3,8,Membership,Card,Completed,Cloudy,1400,4200,4.3
715,2025-07-30,Wednesday,July,14,Football,2,9,Casual,Card,Completed,Sunny,1200,2400,3.9
716,2025-02-28,Friday,February,14,Football,2,8,Casual,Card,Completed,Cloudy,1200,2400,4.9
717,2025-01-11,Saturday,January,17,Football,2,11,Casual,Card,No-show,Sunny,1400,0,
718,2025-02-21,Friday,February,17,Football,2,12,Membership,Card,Completed,Cloudy,1400,2800,4.2
719,2025-04-14,Monday,April,15,Cricket,1,18,Casual,UPI,Completed,Sunny,1500,1500,4.5
720,2025-11-16,Sunday,November,17,Football,3,8,Casual,Card,Completed,Sunny,1400,4200,4.4
721,2025-04-18,Friday,April,14,Football,2,12,Membership,Card,Completed,Sunny,1200,2400,4.0
722,2025-05-09,Friday,May,16,Football,3,9,Membership,Card,Completed,Cloudy,1200,3600,4.0
723,2025-04-20,Sunday,April,17,Cricket,2,14,Tournament,Card,Completed,Sunny,1700,3400,4.7
724,2025-10-17,Friday,October,17,Football,2,10,Casual,Card,Completed,Sunny,1400,2800,4.7
725,2025-07-30,Wednesday,July,14,Cricket,1,13,Membership,Cash,Completed,Sunny,1500,1500,4.0
726,2025-11-04,Tuesday,November,13,Football,2,9,Casual,Card,Completed,Cloudy,1200,2400,4.4
727,2025-08-05,Tuesday,August,16,Football,2,10,Casual,UPI,Completed,Sunny,1200,2400,4.6
728,2025-11-26,Wednesday,November,19,Cricket,2,10,Casual,UPI,Completed,Cloudy,1700,3400,4.2
729,2025-07-28,Monday,July,19,Football,1,11,Tournament,Cash,Completed,Cloudy,1400,1400,3.9
730,2025-09-14,Sunday,September,20,Football,3,14,Tournament,UPI,Completed,Sunny,1400,4200,4.1
731,2025-06-10,Tuesday,June,14,Football,2,14,Membership,UPI,Completed,Sunny,1200,2400,4.0
732,2025-04-20,Sunday,April,21,Football,2,14,Casual,Card,Completed,Sunny,1400,2800,4.9
733,2025-10-07,Tuesday,October,15,Football,2,14,Tournament,UPI,Completed,Sunny,1200,2400,4.8
734,2025-11-27,Thursday,November,21,Football,1,13,Tournament,Cash,Completed,Cloudy,1400,1400,4.3
735,2025-12-25,Thursday,December,14,Cricket,1,18,Membership,Card,Completed,Cloudy,1500,1500,4.9
736,2025-05-11,Sunday,May,14,Cricket,2,14,Casual,Cash,Completed,Cloudy,1500,3000,4.6
737,2025-07-28,Monday,July,18,Football,1,14,Membership,Card,Completed,Sunny,1400,1400,4.9
738,2025-08-05,Tuesday,August,19,Cricket,2,14,Casual,Cash,Completed,Sunny,1700,3400,4.8
739,2025-06-17,Tuesday,June,15,Football,1,13,Casual,Card,Completed,Cloudy,1200,1200,4.0
740,2025-04-13,Sunday,April,16,Football,1,8,Casual,UPI,Completed,Sunny,1200,1200,4.8
741,2025-11-01,Saturday,November,17,Cricket,2,17,Casual,Card,Completed,Cloudy,1700,3400,4.6
742,2025-05-25,Sunday,May,13,Football,2,11,Membership,UPI,Completed,Rainy,1200,2400,4.1
743,2025-10-13,Monday,October,16,Football,1,11,Casual,Card,Completed,Cloudy,1200,1200,4.3
744,2025-11-04,Tuesday,November,13,Football,2,9,Tournament,Card,Completed,Sunny,1200,2400,4.3
745,2025-12-11,Thursday,December,15,Football,2,9,Tournament,Card,Completed,Cloudy,1200,2400,4.7
746,2025-03-08,Saturday,March,15,Football,2,14,Casual,UPI,Completed,Cloudy,1200,2400,4.3
747,2025-01-15,Wednesday,January,14,Football,3,11,Tournament,UPI,Completed,Sunny,1200,3600,4.3
748,2025-08-29,Friday,August,12,Football,2,13,Casual,UPI,Completed,Sunny,1200,2400,4.5
749,2025-02-18,Tuesday,February,16,Football,2,11,Tournament,Cash,Completed,Rainy,1200,2400,5.0
750,2025-12-30,Tuesday,December,17,Football,2,12,Casual,Cash,Completed,Sunny,1400,2800,4.2
751,2025-01-22,Wednesday,January,16,Football,3,11,Tournament,Cash,Completed,Cloudy,1200,3600,4.2
752,2025-08-10,Sunday,August,12,Football,1,9,Casual,Card,Completed,Rainy,1200,1200,4.2
753,2025-05-25,Sunday,May,19,Football,2,12,Casual,UPI,Completed,Cloudy,1400,2800,5.0
754,2025-10-12,Sunday,October,19,Football,2,8,Casual,UPI,Completed,Sunny,1400,2800,4.4
755,2025-12-28,Sunday,December,15,Football,2,8,Casual,UPI,Completed,Rainy,1200,2400,4.3
756,2025-03-17,Monday,March,12,Football,2,9,Membership,Cash,Completed,Cloudy,1200,2400,4.5
757,2025-10-27,Monday,October,13,Cricket,1,18,Membership,Card,Completed,Sunny,1500,1500,4.1
758,2025-12-13,Saturday,December,11,Football,2,13,Tournament,UPI,Completed,Sunny,1200,2400,4.9
759,2025-06-15,Sunday,June,12,Football,2,11,Casual,UPI,Completed,Sunny,1200,2400,4.2
760,2025-12-02,Tuesday,December,16,Football,3,9,Casual,UPI,Completed,Sunny,1200,3600,4.2
761,2025-02-06,Thursday,February,16,Football,1,11,Casual,UPI,Completed,Sunny,1200,1200,4.3
762,2025-04-17,Thursday,April,12,Cricket,2,12,Casual,Card,Completed,Sunny,1500,3000,4.8
763,2025-12-17,Wednesday,December,16,Football,1,14,Casual,Card,Completed,Sunny,1200,1200,4.3
764,2025-10-16,Thursday,October,16,Football,2,14,Casual,Cash,Completed,Sunny,1200,2400,3.9
765,2025-06-24,Tuesday,June,21,Football,2,11,Casual,Card,No-show,Cloudy,1400,0,
766,2025-08-12,Tuesday,August,10,Cricket,2,12,Tournament,Card,Completed,Cloudy,1500,3000,4.1
767,2025-06-01,Sunday,June,16,Football,1,12,Casual,Cash,No-show,Sunny,1200,0,
768,2025-10-19,Sunday,October,18,Football,3,8,Membership,UPI,Completed,Sunny,1400,4200,4.4
769,2025-07-21,Monday,July,9,Football,2,10,Casual,Card,Completed,Sunny,1200,2400,4.5
770,2025-06-24,Tuesday,June,21,Cricket,2,13,Casual,UPI,Completed,Cloudy,1700,3400,4.8
771,2025-08-11,Monday,August,16,Football,1,8,Casual,Cash,Completed,Sunny,1200,1200,4.8
772,2025-11-05,Wednesday,November,17,Football,3,10,Casual,UPI,Completed,Rainy,1400,4200,4.8
773,2025-03-06,Thursday,March,12,Football,1,13,Tournament,Cash,Completed,Cloudy,1200,1200,4.6
774,2025-05-04,Sunday,May,15,Football,3,9,Casual,UPI,Completed,Cloudy,1200,3600,4.3
775,2025-03-27,Thursday,March,19,Cricket,2,17,Casual,Cash,Completed,Cloudy,1700,3400,4.0
776,2025-07-20,Sunday,July,9,Football,2,11,Membership,Card,Completed,Cloudy,1200,2400,4.5
777,2025-01-19,Sunday,January,15,Football,3,13,Casual,Cash,Completed,Cloudy,1200,3600,4.4
778,2025-02-01,Saturday,February,16,Football,2,12,Casual,Card,Completed,Cloudy,1200,2400,4.4
779,2025-11-15,Saturday,November,20,Football,2,8,Casual,Cash,Completed,Cloudy,1400,2800,4.3
780,2025-04-23,Wednesday,April,16,Football,3,14,Membership,Cash,Completed,Cloudy,1200,3600,4.2
781,2025-07-19,Saturday,July,20,Cricket,2,17,Membership,Cash,Completed,Cloudy,1700,3400,4.1
782,2025-02-14,Friday,February,17,Football,2,9,Casual,Card,Completed,Sunny,1400,2800,5.0
783,2025-05-01,Thursday,May,13,Football,1,10,Membership,Cash,Completed,Sunny,1200,1200,4.8
784,2025-01-17,Friday,January,18,Football,1,12,Casual,Card,Completed,Sunny,1400,1400,5.0
785,2025-01-24,Friday,January,18,Football,2,14,Casual,Card,Completed,Sunny,1400,2800,4.6
786,2025-08-23,Saturday,August,20,Cricket,1,11,Membership,UPI,Completed,Sunny,1700,1700,4.6
787,2025-07-05,Saturday,July,12,Football,2,14,Casual,Cash,No-show,Cloudy,1200,0,
788,2025-07-06,Sunday,July,14,Football,2,11,Tournament,Card,Cancelled,Cloudy,1200,0,
789,2025-06-24,Tuesday,June,14,Football,2,10,Membership,Cash,Completed,Sunny,1200,2400,4.1
790,2025-08-04,Monday,August,18,Football,2,11,Tournament,Cash,Completed,Cloudy,1400,2800,4.4
791,2025-07-05,Saturday,July,20,Football,1,13,Membership,Card,Cancelled,Rainy,1400,0,
792,2025-07-25,Friday,July,21,Football,1,11,Membership,UPI,Completed,Cloudy,1400,1400,4.9
793,2025-11-20,Thursday,November,21,Cricket,3,14,Casual,Cash,Completed,Cloudy,1700,5100,4.8
794,2025-06-10,Tuesday,June,19,Football,2,12,Casual,Cash,Completed,Sunny,1400,2800,4.6
795,2025-11-16,Sunday,November,18,Football,2,14,Membership,UPI,Completed,Sunny,1400,2800,4.2
796,2025-10-03,Friday,October,14,Cricket,2,18,Tournament,Cash,No-show,Sunny,1500,0,
797,2025-06-09,Monday,June,16,Cricket,2,10,Casual,Card,Completed,Cloudy,1500,3000,4.1
798,2025-08-05,Tuesday,August,21,Football,1,14,Casual,Cash,Completed,Cloudy,1400,1400,3.9
799,2025-03-05,Wednesday,March,15,Football,1,11,Casual,Cash,Completed,Sunny,1200,1200,4.5
800,2025-11-18,Tuesday,November,17,Cricket,2,15,Casual,UPI,Completed,Cloudy,1700,3400,4.5
801,2025-07-13,Sunday,July,16,Football,2,12,Casual,Cash,Completed,Cloudy,1200,2400,3.9
802,2025-08-06,Wednesday,August,18,Football,1,11,Membership,Cash,Completed,Sunny,1400,1400,4.2
803,2025-07-26,Saturday,July,16,Football,2,14,Casual,Card,Completed,Sunny,1200,2400,4.3
804,2025-08-02,Saturday,August,18,Football,2,11,Membership,UPI,Completed,Sunny,1400,2800,4.8
805,2025-12-22,Monday,December,13,Football,2,12,Casual,UPI,Completed,Rainy,1200,2400,4.3
806,2025-07-09,Wednesday,July,16,Football,2,8,Casual,UPI,Completed,Rainy,1200,2400,4.4
807,2025-03-14,Friday,March,18,Football,2,10,Casual,Card,Completed,Cloudy,1400,2800,3.9
808,2025-02-04,Tuesday,February,19,Football,3,10,Casual,Cash,Completed,Rainy,1400,4200,4.4
809,2025-11-07,Friday,November,12,Football,2,14,Casual,Cash,Completed,Sunny,1200,2400,4.2
810,2025-12-07,Sunday,December,16,Football,2,10,Casual,Cash,Completed,Rainy,1200,2400,4.7
811,2025-02-15,Saturday,February,19,Cricket,3,14,Casual,Cash,Completed,Sunny,1700,5100,4.0
812,2025-10-05,Sunday,October,16,Football,3,12,Casual,Cash,Completed,Sunny,1200,3600,3.9
813,2025-04-03,Thursday,April,20,Football,2,9,Membership,Cash,Completed,Cloudy,1400,2800,3.9
814,2025-11-07,Friday,November,14,Football,2,14,Tournament,Cash,Completed,Sunny,1200,2400,3.8
815,2025-06-12,Thursday,June,15,Football,1,12,Casual,Card,Completed,Sunny,1200,1200,3.9
816,2025-07-28,Monday,July,17,Football,2,9,Casual,Card,Completed,Sunny,1400,2800,4.2
817,2025-06-15,Sunday,June,13,Cricket,1,10,Casual,Cash,Completed,Cloudy,1500,1500,4.4
818,2025-07-17,Thursday,July,20,Football,2,11,Casual,Cash,Cancelled,Sunny,1400,0,
819,2025-04-30,Wednesday,April,19,Football,3,12,Casual,Card,Completed,Sunny,1400,4200,4.7
820,2025-10-18,Saturday,October,15,Football,3,9,Membership,UPI,Completed,Sunny,1200,3600,4.0
821,2025-10-03,Friday,October,20,Cricket,3,17,Casual,Cash,Completed,Cloudy,1700,5100,4.5
822,2025-03-27,Thursday,March,6,Cricket,2,14,Casual,Cash,Completed,Cloudy,1500,3000,4.2
823,2025-04-19,Saturday,April,16,Football,1,9,Membership,UPI,Completed,Sunny,1200,1200,4.3
824,2025-03-13,Thursday,March,17,Cricket,2,13,Casual,Card,Completed,Rainy,1700,3400,4.6
825,2025-11-22,Saturday,November,13,Cricket,2,14,Casual,Cash,Completed,Rainy,1500,3000,4.4
826,2025-06-18,Wednesday,June,7,Football,1,12,Casual,Cash,Completed,Rainy,1200,1200,4.3
827,2025-12-27,Saturday,December,15,Football,1,14,Membership,Cash,Completed,Cloudy,1200,1200,4.9
828,2025-08-16,Saturday,August,17,Football,2,14,Casual,UPI,Completed,Sunny,1400,2800,4.8
829,2025-03-05,Wednesday,March,15,Cricket,2,10,Casual,Card,Completed,Sunny,1500,3000,4.9
830,2025-04-09,Wednesday,April,11,Football,2,14,Membership,Card,Completed,Sunny,1200,2400,4.2
831,2025-09-10,Wednesday,September,19,Cricket,2,10,Casual,Cash,Completed,Cloudy,1700,3400,4.8
832,2025-09-14,Sunday,September,15,Football,3,13,Casual,UPI,Cancelled,Sunny,1200,0,
833,2025-02-03,Monday,February,12,Cricket,2,18,Membership,Cash,Completed,Sunny,1500,3000,3.8
834,2025-12-14,Sunday,December,16,Football,3,11,Casual,Card,Completed,Sunny,1200,3600,4.6
835,2025-08-10,Sunday,August,18,Football,1,13,Casual,Cash,Completed,Sunny,1400,1400,3.9
836,2025-04-25,Friday,April,9,Cricket,3,17,Casual,UPI,Completed,Sunny,1500,4500,4.9
837,2025-04-26,Saturday,April,21,Football,1,9,Casual,Cash,Cancelled,Sunny,1400,0,
838,2025-02-19,Wednesday,February,8,Football,1,12,Membership,Card,Completed,Rainy,1200,1200,4.1
839,2025-05-03,Saturday,May,20,Cricket,2,18,Membership,UPI,Completed,Rainy,1700,3400,4.5
840,2025-11-17,Monday,November,15,Football,1,8,Casual,UPI,Completed,Cloudy,1200,1200,4.7
841,2025-08-15,Friday,August,9,Football,2,8,Casual,Card,Cancelled,Sunny,1200,0,
842,2025-07-25,Friday,July,11,Cricket,2,10,Casual,UPI,Completed,Sunny,1500,3000,4.5
843,2025-06-23,Monday,June,17,Football,1,11,Casual,Cash,Completed,Sunny,1400,1400,3.8
844,2025-02-04,Tuesday,February,16,Cricket,3,12,Casual,Card,Completed,Sunny,1500,4500,4.7
845,2025-04-06,Sunday,April,13,Cricket,1,12,Casual,Card,Completed,Sunny,1500,1500,4.7
846,2025-10-26,Sunday,October,19,Cricket,2,17,Casual,Cash,Completed,Sunny,1700,3400,3.8
847,2025-12-03,Wednesday,December,17,Football,3,14,Membership,UPI,Completed,Cloudy,1400,4200,4.0
848,2025-11-24,Monday,November,19,Cricket,2,13,Casual,Card,Completed,Cloudy,1700,3400,4.5
849,2025-10-24,Friday,October,16,Football,2,11,Casual,Card,Completed,Sunny,1200,2400,4.9
850,2025-04-23,Wednesday,April,19,Football,2,11,Casual,Card,Completed,Sunny,1400,2800,4.9
851,2025-07-12,Saturday,July,13,Football,1,10,Casual,Card,Completed,Sunny,1200,1200,4.0
852,2025-04-10,Thursday,April,16,Cricket,2,10,Tournament,Card,Completed,Sunny,1500,3000,4.1
853,2025-03-31,Monday,March,14,Football,2,9,Casual,Cash,Completed,Cloudy,1200,2400,3.8
854,2025-03-12,Wednesday,March,15,Cricket,1,15,Tournament,Cash,Completed,Sunny,1500,1500,4.8
855,2025-03-29,Saturday,March,20,Cricket,3,16,Membership,UPI,Completed,Sunny,1700,5100,4.9
856,2025-04-09,Wednesday,April,16,Football,2,12,Casual,Cash,Completed,Cloudy,1200,2400,4.7
857,2025-04-07,Monday,April,19,Football,2,10,Casual,Cash,Completed,Cloudy,1400,2800,4.0
858,2025-10-27,Monday,October,19,Football,1,14,Casual,Cash,Cancelled,Cloudy,1400,0,
859,2025-07-18,Friday,July,17,Football,3,10,Casual,Cash,Completed,Sunny,1400,4200,4.2
860,2025-09-05,Friday,September,17,Football,2,12,Casual,UPI,Completed,Rainy,1400,2800,3.8
861,2025-04-14,Monday,April,15,Football,2,10,Casual,Card,Completed,Sunny,1200,2400,4.8
862,2025-10-09,Thursday,October,11,Cricket,2,17,Casual,Cash,Cancelled,Sunny,1500,0,
863,2025-11-15,Saturday,November,14,Football,2,11,Casual,Card,Completed,Sunny,1200,2400,3.8
864,2025-04-30,Wednesday,April,14,Football,1,10,Membership,UPI,Completed,Sunny,1200,1200,4.7
865,2025-02-20,Thursday,February,12,Football,3,9,Casual,Cash,Completed,Cloudy,1200,3600,4.7
866,2025-05-21,Wednesday,May,13,Football,2,14,Membership,Card,Completed,Cloudy,1200,2400,3.8
867,2025-05-25,Sunday,May,18,Cricket,2,16,Membership,Cash,Cancelled,Cloudy,1700,0,
868,2025-09-20,Saturday,September,22,Cricket,2,13,Casual,Cash,Completed,Cloudy,1700,3400,4.4
869,2025-08-28,Thursday,August,17,Football,1,10,Membership,Card,Completed,Sunny,1400,1400,4.3
870,2025-08-19,Tuesday,August,19,Football,2,12,Membership,Cash,Completed,Sunny,1400,2800,4.4
871,2025-07-01,Tuesday,July,14,Football,2,14,Membership,UPI,Completed,Sunny,1200,2400,3.8
872,2025-03-13,Thursday,March,12,Cricket,2,16,Tournament,UPI,Completed,Sunny,1500,3000,4.4
873,2025-09-01,Monday,September,11,Football,2,13,Membership,UPI,Completed,Sunny,1200,2400,4.5
874,2025-12-19,Friday,December,16,Football,2,8,Tournament,Cash,Completed,Sunny,1200,2400,4.1
875,2025-02-05,Wednesday,February,15,Football,1,9,Casual,UPI,Completed,Rainy,1200,1200,5.0
876,2025-10-02,Thursday,October,15,Cricket,2,13,Casual,Card,Completed,Sunny,1500,3000,4.7
877,2025-03-23,Sunday,March,16,Cricket,3,13,Casual,UPI,Completed,Cloudy,1500,4500,3.8
878,2025-08-17,Sunday,August,10,Football,2,12,Casual,UPI,Completed,Sunny,1200,2400,4.4
879,2025-02-16,Sunday,February,14,Cricket,2,15,Membership,UPI,Completed,Cloudy,1500,3000,4.5
880,2025-08-01,Friday,August,13,Cricket,2,17,Casual,Cash,Completed,Cloudy,1500,3000,3.9
881,2025-01-23,Thursday,January,13,Cricket,2,18,Casual,UPI,Completed,Rainy,1500,3000,4.7
882,2025-09-10,Wednesday,September,15,Cricket,1,15,Casual,Card,Completed,Sunny,1500,1500,4.2
883,2025-03-26,Wednesday,March,13,Football,2,8,Casual,Cash,Completed,Cloudy,1200,2400,4.3
884,2025-07-24,Thursday,July,19,Football,1,10,Casual,Card,Completed,Rainy,1400,1400,4.7
885,2025-08-25,Monday,August,10,Football,2,13,Tournament,UPI,Completed,Sunny,1200,2400,4.8
886,2025-01-10,Friday,January,16,Football,1,12,Membership,Card,Completed,Sunny,1200,1200,3.8
887,2025-03-20,Thursday,March,15,Football,1,13,Casual,Cash,Cancelled,Sunny,1200,0,
888,2025-09-25,Thursday,September,16,Cricket,1,16,Casual,Card,Completed,Sunny,1500,1500,3.9
889,2025-04-14,Monday,April,20,Football,2,9,Casual,UPI,Completed,Sunny,1400,2800,4.2
890,2025-12-15,Monday,December,17,Football,1,14,Membership,Cash,Completed,Cloudy,1400,1400,3.9
891,2025-02-25,Tuesday,February,18,Football,2,12,Casual,UPI,Completed,Sunny,1400,2800,3.9
892,2025-02-24,Monday,February,14,Football,2,13,Casual,Card,Completed,Sunny,1200,2400,3.9
893,2025-11-29,Saturday,November,16,Football,2,11,Casual,Cash,Completed,Sunny,1200,2400,3.9
894,2025-10-19,Sunday,October,13,Cricket,3,15,Tournament,Cash,Completed,Cloudy,1500,4500,5.0
895,2025-03-10,Monday,March,14,Football,2,14,Casual,Cash,Cancelled,Sunny,1200,0,
896,2025-08-18,Monday,August,15,Football,2,12,Casual,UPI,Completed,Rainy,1200,2400,4.5
897,2025-06-08,Sunday,June,13,Football,2,12,Casual,Card,Completed,Sunny,1200,2400,4.0
898,2025-04-15,Tuesday,April,16,Football,3,11,Membership,UPI,Completed,Sunny,1200,3600,4.6
899,2025-09-24,Wednesday,September,18,Football,2,14,Casual,Cash,Completed,Cloudy,1400,2800,4.1
900,2025-01-28,Tuesday,January,19,Football,2,14,Casual,Card,Completed,Cloudy,1400,2800,4.3
901,2025-04-04,Friday,April,15,Football,2,8,Tournament,UPI,Completed,Sunny,1200,2400,4.9
902,2025-02-16,Sunday,February,13,Football,2,9,Casual,UPI,Completed,Sunny,1200,2400,4.0
903,2025-05-06,Tuesday,May,15,Football,2,10,Casual,Card,Completed,Rainy,1200,2400,4.8
904,2025-02-10,Monday,February,20,Football,2,9,Casual,UPI,Completed,Sunny,1400,2800,4.3
905,2025-09-04,Thursday,September,7,Football,1,14,Tournament,UPI,Completed,Sunny,1200,1200,4.5
906,2025-05-12,Monday,May,15,Football,2,11,Casual,UPI,Completed,Sunny,1200,2400,4.7
907,2025-03-21,Friday,March,19,Football,3,13,Membership,Cash,Completed,Sunny,1400,4200,4.9
908,2025-07-11,Friday,July,15,Football,3,8,Casual,Cash,Completed,Sunny,1200,3600,4.3
909,2025-03-25,Tuesday,March,13,Football,2,14,Tournament,Cash,Completed,Cloudy,1200,2400,4.4
910,2025-07-08,Tuesday,July,17,Football,2,13,Casual,Cash,Completed,Sunny,1400,2800,4.2
911,2025-12-13,Saturday,December,8,Football,2,10,Casual,UPI,Cancelled,Rainy,1200,0,
912,2025-11-05,Wednesday,November,16,Football,2,8,Casual,Cash,Completed,Sunny,1200,2400,4.3
913,2025-10-28,Tuesday,October,21,Football,2,11,Casual,Cash,Completed,Sunny,1400,2800,4.4
914,2025-12-04,Thursday,December,19,Football,2,14,Membership,Cash,No-show,Cloudy,1400,0,
915,2025-10-21,Tuesday,October,18,Football,2,10,Membership,UPI,Completed,Rainy,1400,2800,4.2
916,2025-09-09,Tuesday,September,6,Football,2,12,Casual,UPI,Completed,Sunny,1200,2400,4.0
917,2025-12-27,Saturday,December,12,Football,3,8,Casual,UPI,Completed,Cloudy,1200,3600,3.9
918,2025-04-09,Wednesday,April,13,Cricket,2,17,Casual,Card,Completed,Cloudy,1500,3000,4.0
919,2025-02-13,Thursday,February,15,Football,2,8,Casual,UPI,Completed,Sunny,1200,2400,3.9
920,2025-05-17,Saturday,May,17,Football,3,14,Tournament,Cash,Completed,Sunny,1400,4200,3.8
921,2025-09-24,Wednesday,September,21,Cricket,2,17,Membership,Card,Completed,Cloudy,1700,3400,4.6
922,2025-06-11,Wednesday,June,18,Cricket,2,16,Casual,UPI,Completed,Rainy,1700,3400,4.8
923,2025-08-22,Friday,August,19,Football,2,8,Casual,UPI,Completed,Cloudy,1400,2800,4.6
924,2025-07-08,Tuesday,July,15,Football,2,12,Casual,Card,Completed,Sunny,1200,2400,4.9
925,2025-01-09,Thursday,January,16,Cricket,2,17,Casual,Card,Completed,Sunny,1500,3000,4.8
926,2025-08-08,Friday,August,20,Cricket,2,11,Membership,Cash,Completed,Sunny,1700,3400,4.0
927,2025-10-20,Monday,October,18,Cricket,1,12,Casual,Card,Completed,Sunny,1700,1700,5.0
928,2025-03-28,Friday,March,19,Cricket,2,18,Casual,UPI,Completed,Sunny,1700,3400,4.6
929,2025-02-24,Monday,February,15,Cricket,2,15,Tournament,Card,Completed,Cloudy,1500,3000,4.1
930,2025-12-10,Wednesday,December,12,Football,3,13,Membership,Cash,Completed,Sunny,1200,3600,4.8
931,2025-11-04,Tuesday,November,10,Football,2,13,Casual,UPI,Completed,Sunny,1200,2400,4.8
932,2025-05-13,Tuesday,May,12,Football,1,10,Membership,Card,Completed,Rainy,1200,1200,3.9
933,2025-03-07,Friday,March,19,Cricket,3,10,Casual,Card,Completed,Sunny,1700,5100,4.3
934,2025-06-13,Friday,June,18,Cricket,2,18,Casual,Card,Completed,Sunny,1700,3400,3.8
935,2025-06-11,Wednesday,June,12,Cricket,2,17,Casual,Cash,Completed,Sunny,1500,3000,4.7
936,2025-01-18,Saturday,January,16,Football,1,10,Tournament,Card,Completed,Cloudy,1200,1200,4.8
937,2025-05-30,Friday,May,17,Football,2,9,Membership,Cash,Completed,Sunny,1400,2800,4.8
938,2025-01-27,Monday,January,20,Cricket,2,16,Casual,UPI,Completed,Cloudy,1700,3400,4.0
939,2025-10-08,Wednesday,October,15,Football,2,10,Membership,Cash,Completed,Sunny,1200,2400,4.1
940,2025-04-10,Thursday,April,17,Football,1,9,Casual,Cash,Completed,Cloudy,1400,1400,3.9
941,2025-06-05,Thursday,June,15,Football,2,11,Casual,Cash,Completed,Sunny,1200,2400,4.1
942,2025-04-11,Friday,April,17,Football,3,8,Casual,Card,Cancelled,Rainy,1400,0,
943,2025-12-14,Sunday,December,18,Cricket,1,15,Tournament,Cash,Cancelled,Sunny,1700,0,
944,2025-11-29,Saturday,November,14,Football,2,13,Membership,Card,Completed,Sunny,1200,2400,4.3
945,2025-12-19,Friday,December,16,Football,2,14,Casual,Cash,Completed,Cloudy,1200,2400,4.7
946,2025-07-15,Tuesday,July,14,Football,2,8,Casual,Cash,Completed,Sunny,1200,2400,4.6
947,2025-04-26,Saturday,April,8,Football,3,11,Casual,Card,Completed,Cloudy,1200,3600,4.0
948,2025-11-27,Thursday,November,17,Football,2,8,Casual,Card,Completed,Cloudy,1400,2800,4.4
949,2025-12-25,Thursday,December,7,Football,3,14,Membership,Cash,Completed,Sunny,1200,3600,4.5
950,2025-11-30,Sunday,November,12,Cricket,1,12,Membership,Card,Cancelled,Cloudy,1500,0,
951,2025-06-10,Tuesday,June,12,Football,2,13,Casual,UPI,Completed,Sunny,1200,2400,3.8
952,2025-09-17,Wednesday,September,14,Cricket,2,16,Tournament,Cash,Completed,Cloudy,1500,3000,3.9
953,2025-05-31,Saturday,May,17,Football,3,11,Casual,Cash,Completed,Sunny,1400,4200,4.2
954,2025-09-19,Friday,September,13,Football,1,9,Casual,UPI,Completed,Sunny,1200,1200,4.1
955,2025-11-05,Wednesday,November,16,Football,2,9,Membership,Cash,Completed,Sunny,1200,2400,4.1
956,2025-03-25,Tuesday,March,15,Football,2,13,Casual,Cash,Completed,Cloudy,1200,2400,3.9
957,2025-05-18,Sunday,May,22,Football,2,13,Casual,Card,Completed,Cloudy,1400,2800,4.5
958,2025-03-20,Thursday,March,14,Cricket,2,10,Tournament,Cash,Completed,Sunny,1500,3000,4.4
959,2025-10-08,Wednesday,October,15,Football,1,10,Tournament,Card,Completed,Cloudy,1200,1200,4.8
960,2025-01-06,Monday,January,11,Cricket,2,16,Tournament,Card,Completed,Cloudy,1500,3000,4.4
961,2025-10-29,Wednesday,October,18,Football,3,10,Membership,UPI,Completed,Cloudy,1400,4200,4.5
962,2025-03-29,Saturday,March,14,Cricket,2,15,Membership,Card,Completed,Cloudy,1500,3000,4.5
963,2025-09-02,Tuesday,September,16,Football,3,13,Casual,UPI,Completed,Sunny,1200,3600,4.7
964,2025-11-24,Monday,November,21,Cricket,2,16,Membership,Cash,Completed,Sunny,1700,3400,4.8
965,2025-05-27,Tuesday,May,14,Football,2,10,Casual,UPI,Completed,Sunny,1200,2400,4.7
966,2025-11-21,Friday,November,10,Cricket,1,12,Casual,UPI,Completed,Sunny,1500,1500,4.9
967,2025-08-06,Wednesday,August,17,Cricket,2,17,Casual,UPI,Completed,Cloudy,1700,3400,4.4
968,2025-07-27,Sunday,July,7,Football,1,13,Casual,Cash,Completed,Sunny,1200,1200,5.0
969,2025-09-28,Sunday,September,17,Football,2,9,Casual,UPI,Completed,Cloudy,1400,2800,4.1
970,2025-07-07,Monday,July,18,Football,1,11,Casual,Cash,Completed,Sunny,1400,1400,4.2
971,2025-05-08,Thursday,May,18,Cricket,1,14,Casual,Cash,Completed,Sunny,1700,1700,4.7
972,2025-07-21,Monday,July,13,Football,3,14,Membership,UPI,Completed,Rainy,1200,3600,4.8
973,2025-07-02,Wednesday,July,6,Football,2,10,Casual,UPI,Completed,Sunny,1200,2400,4.3
974,2025-02-21,Friday,February,15,Football,3,12,Membership,Cash,Completed,Sunny,1200,3600,3.8
975,2025-05-09,Friday,May,13,Football,2,10,Casual,Card,Completed,Sunny,1200,2400,3.9
976,2025-12-03,Wednesday,December,18,Football,2,13,Casual,UPI,Completed,Sunny,1400,2800,4.0
977,2025-05-26,Monday,May,9,Football,2,8,Casual,Card,Completed,Sunny,1200,2400,4.6
978,2025-03-02,Sunday,March,15,Football,2,10,Membership,Cash,Completed,Cloudy,1200,2400,4.7
979,2025-07-19,Saturday,July,12,Cricket,1,12,Casual,Cash,Completed,Sunny,1500,1500,4.1
980,2025-06-25,Wednesday,June,15,Football,1,11,Casual,Card,No-show,Sunny,1200,0,
981,2025-05-07,Wednesday,May,16,Cricket,2,13,Casual,Cash,Completed,Sunny,1500,3000,4.6
982,2025-08-08,Friday,August,13,Cricket,1,18,Casual,UPI,Completed,Sunny,1500,1500,4.6
983,2025-04-28,Monday,April,12,Football,2,9,Tournament,UPI,Completed,Sunny,1200,2400,3.9
984,2025-07-14,Monday,July,15,Football,2,9,Casual,Card,Completed,Sunny,1200,2400,4.6
985,2025-02-26,Wednesday,February,14,Football,2,13,Casual,UPI,Cancelled,Sunny,1200,0,
986,2025-01-01,Wednesday,January,9,Cricket,2,14,Casual,UPI,Cancelled,Rainy,1500,0,
987,2025-05-10,Saturday,May,20,Football,2,8,Casual,Card,Completed,Sunny,1400,2800,4.8
988,2025-07-04,Friday,July,17,Football,3,12,Casual,UPI,Completed,Sunny,1400,4200,4.5
989,2025-02-24,Monday,February,12,Cricket,1,10,Casual,Cash,Completed,Rainy,1500,1500,4.0
990,2025-08-17,Sunday,August,20,Football,3,12,Casual,Cash,Completed,Cloudy,1400,4200,4.0
991,2025-03-20,Thursday,March,9,Football,3,13,Casual,Card,Completed,Cloudy,1200,3600,4.9
992,2025-07-07,Monday,July,15,Cricket,2,11,Casual,UPI,Completed,Sunny,1500,3000,4.7
993,2025-11-03,Monday,November,14,Cricket,2,10,Tournament,Card,Completed,Sunny,1500,3000,4.0
994,2025-09-11,Thursday,September,17,Cricket,1,12,Casual,Cash,Completed,Sunny,1700,1700,4.3
995,2025-05-20,Tuesday,May,13,Football,3,9,Casual,Cash,Completed,Sunny,1200,3600,4.4
996,2025-12-29,Monday,December,17,Football,2,10,Membership,UPI,Completed,Sunny,1400,2800,3.9
997,2025-05-30,Friday,May,9,Football,2,9,Casual,UPI,Completed,Cloudy,1200,2400,4.1
998,2025-10-01,Wednesday,October,12,Football,3,10,Casual,UPI,Completed,Rainy,1200,3600,4.1
999,2025-07-29,Tuesday,July,19,Football,1,13,Membership,UPI,Completed,Cloudy,1400,1400,5.0
1000,2025-05-12,Monday,May,21,Football,3,8,Membership,Cash,Completed,Cloudy,1400,4200,4.1
